-- MySQL dump 10.13  Distrib 8.0.15, for Win64 (x86_64)
--
-- Host: localhost    Database: rocknpedia
-- ------------------------------------------------------
-- Server version	8.0.15

/*!40101 SET @OLD_CHARACTER_SET_CLIENT=@@CHARACTER_SET_CLIENT */;
/*!40101 SET @OLD_CHARACTER_SET_RESULTS=@@CHARACTER_SET_RESULTS */;
/*!40101 SET @OLD_COLLATION_CONNECTION=@@COLLATION_CONNECTION */;
 SET NAMES utf8 ;
/*!40103 SET @OLD_TIME_ZONE=@@TIME_ZONE */;
/*!40103 SET TIME_ZONE='+00:00' */;
/*!40014 SET @OLD_UNIQUE_CHECKS=@@UNIQUE_CHECKS, UNIQUE_CHECKS=0 */;
/*!40014 SET @OLD_FOREIGN_KEY_CHECKS=@@FOREIGN_KEY_CHECKS, FOREIGN_KEY_CHECKS=0 */;
/*!40101 SET @OLD_SQL_MODE=@@SQL_MODE, SQL_MODE='NO_AUTO_VALUE_ON_ZERO' */;
/*!40111 SET @OLD_SQL_NOTES=@@SQL_NOTES, SQL_NOTES=0 */;

--
-- Table structure for table `album`
--

DROP TABLE IF EXISTS `album`;
/*!40101 SET @saved_cs_client     = @@character_set_client */;
 SET character_set_client = utf8mb4 ;
CREATE TABLE `album` (
  `album_id` int(11) NOT NULL AUTO_INCREMENT,
  `album_name` varchar(100) NOT NULL,
  `record_label` varchar(200) DEFAULT NULL,
  `album_image` varchar(50) DEFAULT NULL,
  `band_id` int(11) DEFAULT NULL,
  PRIMARY KEY (`album_id`),
  KEY `band_id_idx` (`band_id`),
  CONSTRAINT `band_id` FOREIGN KEY (`band_id`) REFERENCES `band` (`band_id`) ON DELETE CASCADE ON UPDATE CASCADE
) ENGINE=InnoDB AUTO_INCREMENT=32 DEFAULT CHARSET=utf8mb4 COLLATE=utf8mb4_0900_ai_ci;
/*!40101 SET character_set_client = @saved_cs_client */;

--
-- Dumping data for table `album`
--

LOCK TABLES `album` WRITE;
/*!40000 ALTER TABLE `album` DISABLE KEYS */;
INSERT INTO `album` VALUES (13,'Lez Zeppelin','1969','1581326283407.jpg',1),(14,'Led Zeppelin II','1969','1581334907170.jpg',1),(16,'Led Zeppelin I','1969','1581941206085.jpg',1),(17,'Queen','1973','1581957614927.jpg',56),(18,'Queen II','1974','1581958275325.jpg',56),(19,'Sheer heart attack','1974','1581958347977.jpg',56),(20,'Sticky fingers','1971','1581958487209.jpg',3),(21,'Let it bleed','1969','1581959928894.jpeg',3),(22,'Appetite for destruction','1987','1581960073965.jpg',2),(23,'Who s Next','1971','1581960212073.jpg',46),(24,'Quadrophenia ','1973','1581960559691.jpg',46),(25,'Odds And Sods','1974','1581960646398.jpg',46),(26,'The Who By Numbers','1975','1581960730787.jpg',46),(27,'Are You Experienced?','1967','1582028801172.jpg',57),(28,'Electric Ladyland','1968','1582029014472.jpg',57),(29,'The Doors','1967','1582029700285.jpg',58),(30,'Arthur (Or The Decline And Fall Of The British Empire) ','1969','1582029908127.jpg',60),(31,'Strange days','1967','1582030024135.jpg',58);
/*!40000 ALTER TABLE `album` ENABLE KEYS */;
UNLOCK TABLES;

--
-- Table structure for table `band`
--

DROP TABLE IF EXISTS `band`;
/*!40101 SET @saved_cs_client     = @@character_set_client */;
 SET character_set_client = utf8mb4 ;
CREATE TABLE `band` (
  `band_id` int(11) NOT NULL AUTO_INCREMENT,
  `name` varchar(100) NOT NULL,
  `foundation_year` int(4) DEFAULT NULL,
  `band_image` varchar(50) DEFAULT NULL,
  `created_by` int(30) DEFAULT NULL,
  `band_history` text,
  PRIMARY KEY (`band_id`)
) ENGINE=InnoDB AUTO_INCREMENT=61 DEFAULT CHARSET=utf8mb4 COLLATE=utf8mb4_0900_ai_ci;
/*!40101 SET character_set_client = @saved_cs_client */;

--
-- Dumping data for table `band`
--

LOCK TABLES `band` WRITE;
/*!40000 ALTER TABLE `band` DISABLE KEYS */;
INSERT INTO `band` VALUES (1,'Led Zeppellin',1961,'1581955697054.png',NULL,'<p>Basta de tonter&iacute;as. Ver&aacute;n, Led Zeppelin sigue siendo una de mis bandas favoritas y lo &uacute;nico que tengo que hacer aqu&iacute; es explicarle a la gente por qu&eacute; a m&iacute;, justo a m&iacute;, un tipo de buen gusto y aceptable juicio cr&iacute;tico que disfruta con el jazz y la m&uacute;sica cl&aacute;sica viene a gustarme esta panda de pretenciosos, machistas, metaleros drogadictos, plagiadores irreverentes de los maestros del blues y pat&eacute;ticos seguidores de la magia negra y el misticismo de segunda mano &iexcl;Jaraja! Sip: as&iacute; como Led Zeppelin ha sabido conquistar legiones de seguidores y admiradores, tambi&eacute;n ha generado su buena dosis de odio y desprecio, odio y desprecio que auspicia la tan negativa imagen que acabo de dar de la banda. Ocurre que a lo largo de los a&ntilde;os Led Zeppelin ha sido considerablemente sobrevalorado: mucha gente no ha podido tolerar esto y terminaron pas&aacute;ndose al otro lado, a veces hasta extremos que impiden apreciar los m&eacute;ritos de Led Zeppelin. Ahora bien: no dejemos que la rabia nos enceguezca y tratemos de hacer un an&aacute;lisis desprejuiciado. Dejemos de lado la rabia de que se hable m&aacute;s de Led Zeppelin que otros grupos igualmente respetables de la &eacute;poca como Deep Purple, Mountain, Black Sabbath o Atomic Rooster. O la rabia de que se hable bien de Zeppelin cuando sus &uacute;ltimos tres o cuatro &aacute;lbumes han sido verdaderamente obra de la mediocridad. O la rabia de que Page y Plant hayan plagiado a granel a los maestros del blues. O la rabia de que sus rid&iacute;culas pretensiones de m&iacute;sitica y ocultismo efectivamente fascinen a alguien. Dejemos de lado el prejuicio y tratemos de hacer un balance entre lo bueno y lo malo de Led Zeppelin</p>\n'),(2,'Guns n Roses',1989,'1581955785368.png',NULL,'<p>Guns N&#39; Roses es una banda estadounidense de hard rock formada en Hollywood en la zona de Sunset Strip alrededor de Santa Monica, en la ciudad de Los &Aacute;ngeles, California en 1985. El grupo fue fundado por el vocalista Axl Rose y el guitarrista Izzy Stradlin.6​Asimismo, la banda es uno de los n&uacute;meros art&iacute;sticos m&aacute;s exitosos de la historia musical, debido a sus grandes ventas, numerosos galardones, legado y repercusi&oacute;n mundial hasta la fecha. Tambi&eacute;n Guns N&#39; Roses es considerada una de las bandas m&aacute;s influyentes de la historia debido a su gran legado musical.</p>\n\n<p>De igual forma en el a&ntilde;o 2011 fueron posicionados en el puesto n&uacute;mero &quot;21&quot; en la lista de &quot;los 100 mejores artistas de la historia&quot;, elaborada por la revista Rolling Stone en conjunto con diversos productores y cr&iacute;ticos musicales.</p>\n\n<p>La formaci&oacute;n actual cuenta con el vocalista Axl Rose, el guitarrista r&iacute;tmico Richard Fortus, los tecladistas Dizzy Reed y Melissa Reese, el baterista Frank Ferrer, el bajista Duff McKagan y el guitarrista l&iacute;der Slash. Estos dos &uacute;ltimos son considerados miembros cl&aacute;sicos de la agrupaci&oacute;n y luego de una ausencia de 23 a&ntilde;os, retomaron su lugar en la banda</p>\n'),(3,'The Rolling Stones',1964,'1581955867014.png',NULL,'<p>Durante mucho tiempo tuve un enorme prejuicio hacia los Rolling Stones. &iquest;Rolling Stones? Pensaba &iquest;Esa panda de mediocres, formulaicos y abuelos pat&eacute;ticos que se quieren hacer los rockeros? NO GRACIAS. Varios motivos a saber: uno de ellos era toda esa insoportable aura &quot;rollinga&quot;, una especie de moda rid&iacute;cula, en Argentina, entre algunos adolescentes supuestamente fans de los Stones que se visten como Mick Jagger, se re&uacute;nen en banditas y seguramente no tienen idea de qui&eacute;n es Brian Jones. Esto, como bien me han dicho, no tiene nada que ver con la m&uacute;sica pero ciertamente ayudaba. Pero adem&aacute;s de eso estaba la banda: un dinosaurio decadente de gerontes payasos que se paseaban por MTV con canciones como&nbsp;<em>Anybody Seen My Baby</em>. Un presente demasiado mediocre para una banda de tanto renombre, pensaba. Encima, en el tour de&nbsp;<em>Bridges To Babylon</em>&nbsp;tuvieron la desfachatez de copiar la escenograf&iacute;a de Pink Floyd para hacerse los espectaculares y aqu&iacute;, por supuesto, todo el mundo se llenaba la boca con el escenario de los Stones. Realmente, pero REALMENTE no los soportaba.&nbsp;</p>\n\n<p>Pero tanto renombre, algunos la llaman la mejor banda de la historia, no se consigue as&iacute; nom&aacute;s, entonces lleg&oacute; un momento en el que no pude darle m&aacute;s la espalda a esta banda si quer&iacute;a tener una discoteca coherente (y un website de revisiones coherente). Adem&aacute;s sab&iacute;a que estos tipos eran reyes en los sesenta: en esa &eacute;poca algo bueno deb&iacute;an tener, s&iacute; o s&iacute;. Al menos deb&iacute;a darles una oportunidad. Entonces hice un par de consultas en internet, me baj&eacute; un par de temas y me hice relativamente r&aacute;pido con ocho &aacute;lbumes de su &eacute;poca de mayor gloria, inclu&iacute;dos los llamados &quot;cuatro grandes&quot; (<em>Banquet</em>,&nbsp;<em>Bleed</em>,&nbsp;<em>Fingers&nbsp;</em>y&nbsp;<em>Exile</em>). El hielo comenz&oacute; a romperse y aqu&iacute; me ven, revisando a los Stones en su discograf&iacute;a de estudio &iacute;ntegra y con la certeza de que son uno de mis cinco grupos favoritos de todos los tiempos</p>\n'),(46,'The Who',1970,'1581882767032.png',1,'<p>Ahh, The Who.&nbsp;Qui&eacute;n? Qu&eacute;? C&oacute;mo? Pues claro, eso es lo que te responder&iacute;a en este bendito pa&iacute;s el noventa porciento de la gente que supuestamente escucha m&uacute;sica. En Argentina los Who son pr&aacute;cticamente desconocidos, pero desconocidos en serio. Aqu&iacute; los Beatles, como en todo lugar del mundo que se precie de tal, son casi m&uacute;sica cl&aacute;sica; Los Stones... &iexcl;Hey! Buenos Aires es una ciudad virtualmente tomada por los &quot;Rollingas&quot; fans devotos de la banda. Pero &iquest;Los Who? Diablos... bandas como Kiss son m&aacute;s conocidas y respetadas! Bandas como... qu&eacute; se yo...&nbsp;&iexcl;Electric Light Orchestra!&nbsp;Pero de los Who ni idea: no los pasan en las radios, no aparecen en la tele... los tipos directamente no figuran. Y and&aacute; a pedir un disco de los Who en cualquier disquer&iacute;a de alto fuste. Te van a mirar con cara rara porque, por supuesto, no hay un solo &aacute;lbum. En ning&uacute;n lugar como aqu&iacute; el nombre de la banda parece tan apropiado... WHO? Una vez vi a un tipo caminando por la calle con una remera de&nbsp;<em>Who By Numbers&nbsp;</em>y casi me desmayo de la emoci&oacute;n. Confieso que yo, sometido por los designios culturales de mi pa&iacute;s, tampoco ten&iacute;a mucha idea de qu&eacute; onda con los Who. Sab&iacute;a que hab&iacute;an publicado &aacute;lbumes m&iacute;ticos como&nbsp;<em>My Generation</em>,&nbsp;<em>Tommy</em>,&nbsp;<em>Who&rsquo;s Next&nbsp;</em>y&nbsp;<em>Quadrophenia&nbsp;</em>(qu&eacute; nombre copado para un &aacute;lbum eh?) pero no hab&iacute;a esuchado nada de nada ni conoc&iacute;a sus canciones. Gracias a quien sea hoy en d&iacute;a eso ha cambiado para m&iacute;, pero en Argentina siguen sin aparecer los Who.</p>\n'),(56,'Queen',1964,'1582025696164.png',3,'<p>Ah! Queen! Tantas cosas se me vienen a la cabeza sobre esta peculiar&iacute;sima banda qu&eacute; no s&eacute; por d&oacute;nde empezar. Bueno, empezar&eacute; con una confesi&oacute;n. Queen fue, sencillamente, mi primer gran amor (musical). M&aacute;s tarde en la secci&oacute;n de &quot;c&oacute;mo los conoc&iacute;&quot; hablar&eacute; sobre esto; por ahora basta decir que fue la primera banda de rock que realmente me gust&oacute;. Durante mucho tiempo fue a mis ojos (o&iacute;dos) el mejor grupo que jam&aacute;s pisara el planeta Tierra y, a pesar de que el tiempo se ha encargado de hacerme ver que existen bastantes bandas m&aacute;s importantes y sabias (aunque no m&aacute;s talentosas), todav&iacute;a tengo un lugar especial en mi coraz&oacute;n reservado para estos exc&eacute;ntricos brit&aacute;nicos (*suspiro*)</p>\n\n<p>Una de las cosas que m&aacute;s me ha perturbado acerca de Queen es el marcad&iacute;simo contraste entre el odio e indiferencia que la prensa especializada del rock le ha retribuido durante toda su historia y la incondicional devoci&oacute;n y fanatismo de sus incontables seguidores a lo largo de todo el mundo. En efecto, me parece que despu&eacute;s de los Beatles y quiz&aacute; los Rolling Stones no ha existido banda m&aacute;s popular y exitosa que Queen pero... &iquest;Por qu&eacute; los especialistas musicales suelen darle la espalda a esta banda? Lo digo por varias razones; en los especiales sobre la historia del rock Queen pasa inadvertido; los sitios de revisiones de Wilson &amp; Alroy y Mark Prindle la obvian, George Starostin le da solo un puntaje de dos estrellas sobre cinco y he encontrado much&iacute;simos fans del rock cl&aacute;sico, que respetan y gustan de casi todo pero que rechazan tajantemente a Queen... En general me da la sensaci&oacute;n que este grupo siempre ha sido discriminado, y duramente criticado, por muchos a la hora de hablar de rock; nunca la tomaron en serio. &iquest;Por qu&eacute;? &iquest;&iquest;D&oacute;nde est&aacute; la clave para tanto odio y amor extremo??</p>\n'),(57,'The Jimi Hendrix experience',1967,'1582028730610.png',6,'<p>Bah! No voy a comenzar con un chiste previsible, diciendo que a este muchacho llamado Hendrix no lo conoce nadie. Lo conoce todo el mundo, lo idolatra todo el mundo y para serte sincero, si te consider&aacute;s fan del rock cl&aacute;sico pero no est&aacute;s familiarizado por lo menos con uno de sus discos grabados con The Experience, pues sos un payaso. Un payaso ignorante digno de una carcajada: JA-JA. Hasta que no vayas y te compres una copia de&nbsp;<em>Are You Experienced?&nbsp;</em>TE PROHIBO que sigas leyendo (Y guarda que Gran Hermano te est&aacute; mirando!!!).&nbsp;</p>\n\n<p>Francamente me fastidia un poco tener que escribir esta introducci&oacute;n sobre Jimi &iquest;Qu&eacute; puedo decir sobre &eacute;l que no haya sido dicho ya? Cuando se analiza a un artista tan relevante, es TAN FACIL caer en el clich&eacute; que la verdad ni ganas tengo de disertar sobre &eacute;l, b&aacute;sicamente porque no tengo NADA NUEVO que decir de &eacute;l. En la intro de los Beatles, por ejemplo, se me ocurrieron algunas tesis m&aacute;s o menos interesantes que justificaban las largas parrafadas; por ejemplo que los Beatles eran m&aacute;s bien excelentes compositores de pop que innovadores y pioneros, o que Paul es mejor m&uacute;sico que Lennon... En la introducci&oacute;n de los Stones no dije nada nuevo, pero dentro de todo intent&eacute; asumir la responsabilidad de convencer a los muchos esc&eacute;pticos que todav&iacute;a quedan dando vueltas. Pero esta vez no hay nada que negar, nada que agregar, nada que discutir. Jimi Hendrix es Jimi Hendrix y no se toca.</p>\n\n<p>Hendrix es un mito, junto a Jim Morrison y John Lennon completa la m&aacute;xima trilog&iacute;a de &quot;mitos endiosados&quot; de la cultura rock. Como suele suceder con esta clase de sujetos, Jimi tambi&eacute;n ha sido sobredimensionado por el p&uacute;blico en general. Personalmente, Hendrix, junto con su banda The Jimi Hendrix Experience, est&aacute; entre mis artistas preferidos, pero la verdad, la verdad, la verdad, es que no me vuelve loco ni me quita el sue&ntilde;o. Hendrix fue, es y ser&aacute; un completo virtuoso de la guitarra, ni ganas de negarlo tengo; pero como compositor no hizo nada demasiado brillante, al menos en mi humilde e insignificante opini&oacute;n; eso determina que aunque puedo apreciar sus tres &aacute;lbumes como valiosas, revolucionarias y completas obras de rock, hay MUY pocas canciones compuestas por &eacute;l que realmente rockeen mi mundo!</p>\n'),(58,'The Doors',1967,'1582029630729.png',6,'<p>Cuando escuch&eacute; por primera vez algunas canciones de los Doors no me impresion&eacute; en absoluto. Las sent&iacute;a mon&oacute;tonas, aburridas, lentas, arrastradas. C&oacute;mo pas&eacute; de eso al enamoramiento total es algo que no puedo explicar convincentemente. Lo que s&eacute; es que cuando volv&iacute; a darles una oportunidad dije &quot;Epa!&quot; y encontr&eacute; una seducci&oacute;n especial, muy fuerte, que antes no hab&iacute;a sentido y tuve ganas de comprarme los discos, y cuando los consegu&iacute; tuve ganas de escucharlos todo el tiempo.</p>\n\n<p>Despu&eacute;s de todo no es un fen&oacute;meno tan raro. La m&uacute;sica de los Doors es absolutamente &uacute;nica; no existi&oacute; ni existir&aacute; nada parecido en los anales del rock; eso es lo que la hace a la vez tan dif&iacute;cil de asimilar a primera o&iacute;da como tan atractiva y adicitiva una vez que se le va tomando la mano. Melod&iacute;as carnosas, atm&oacute;sferas oscuras, buenos riffs, poes&iacute;a maldita, blues, jazz y ambientes carnavalescos son los principales elementos que definen el particular&iacute;simo sonido de los Doors.</p>\n\n<p>Todo salido de la nada. Corre 1967 y en la costa oeste de los Estados Unidos todo es flower power, hippismo, sue&ntilde;os de amor y paz, viajes de &aacute;cido... y de pronto sale de Los Angeles Jim Morrison con sus letras oscur&iacute;simas, sus atm&oacute;sferas let&aacute;rgicas, sus lagartos, sus complejos de Edipo, sus criaturas deformes, sus carnavales y sus gritos de mariposas. Imaginen el impacto que una cosa as&iacute; pudo haber provocado. Fue tal que a&uacute;n hoy en d&iacute;a Jim Morrison se erige como una de las leyendas m&aacute;s populares y m&iacute;ticas del rock, un &iacute;cono cultural omnipresente cuyos fans son capaces de adorar como un a un dios. B&aacute;rbaro, pero m&aacute;s all&aacute; del genio po&eacute;tico e ex&eacute;ntrico de Morrison mi parecer es que el fant&aacute;stico sonido de los Doors se lo debemos mucho m&aacute;s a los intrumentistas, particularmente al &oacute;rgano de Ray Manzarek y a la guitarra de Roby Krieger.</p>\n'),(60,'The Kinks',1967,'1582029855350.png',6,NULL);
/*!40000 ALTER TABLE `band` ENABLE KEYS */;
UNLOCK TABLES;

--
-- Table structure for table `followers`
--

DROP TABLE IF EXISTS `followers`;
/*!40101 SET @saved_cs_client     = @@character_set_client */;
 SET character_set_client = utf8mb4 ;
CREATE TABLE `followers` (
  `user_id` int(11) NOT NULL,
  `follow_id` int(11) NOT NULL,
  KEY `user_id_idx` (`user_id`),
  KEY `follower_id_idx` (`follow_id`),
  CONSTRAINT `follower_id` FOREIGN KEY (`follow_id`) REFERENCES `user` (`user_id`) ON DELETE CASCADE ON UPDATE CASCADE,
  CONSTRAINT `user_id` FOREIGN KEY (`user_id`) REFERENCES `user` (`user_id`) ON DELETE CASCADE ON UPDATE CASCADE
) ENGINE=InnoDB DEFAULT CHARSET=utf8mb4 COLLATE=utf8mb4_0900_ai_ci;
/*!40101 SET character_set_client = @saved_cs_client */;

--
-- Dumping data for table `followers`
--

LOCK TABLES `followers` WRITE;
/*!40000 ALTER TABLE `followers` DISABLE KEYS */;
INSERT INTO `followers` VALUES (1,2),(1,3),(3,1),(4,3),(4,1),(6,2),(6,3),(6,5);
/*!40000 ALTER TABLE `followers` ENABLE KEYS */;
UNLOCK TABLES;

--
-- Table structure for table `history`
--

DROP TABLE IF EXISTS `history`;
/*!40101 SET @saved_cs_client     = @@character_set_client */;
 SET character_set_client = utf8mb4 ;
CREATE TABLE `history` (
  `band_id` int(11) NOT NULL AUTO_INCREMENT,
  `band_history` text,
  PRIMARY KEY (`band_id`),
  CONSTRAINT `fk_band_id_1` FOREIGN KEY (`band_id`) REFERENCES `band` (`band_id`)
) ENGINE=InnoDB AUTO_INCREMENT=2 DEFAULT CHARSET=utf8mb4 COLLATE=utf8mb4_0900_ai_ci;
/*!40101 SET character_set_client = @saved_cs_client */;

--
-- Dumping data for table `history`
--

LOCK TABLES `history` WRITE;
/*!40000 ALTER TABLE `history` DISABLE KEYS */;
INSERT INTO `history` VALUES (1,'¿Led Zeppelin? ¡Ah sí! Led Zeppelin... ajá, los Beatles de los 70, si, los creadores del heavy metal... y ¿No fue Led Zeppelin el grupo que hizo esa bonita canción sobre la escalerita? Dificil tarea esta señores... revisar nada menos que a Led Zeppelin es un ejercicio harto complicado. Es que ¿Saben? Esta banda fue grande, grande en serio y hay tanto fuego cruzado a la hora de teorizar sobre su legado musical que francamente no estoy seguro de que quiera meterme en el medio.');
/*!40000 ALTER TABLE `history` ENABLE KEYS */;
UNLOCK TABLES;

--
-- Table structure for table `review`
--

DROP TABLE IF EXISTS `review`;
/*!40101 SET @saved_cs_client     = @@character_set_client */;
 SET character_set_client = utf8mb4 ;
CREATE TABLE `review` (
  `review_id` int(11) NOT NULL AUTO_INCREMENT,
  `review` text,
  `review_date` datetime DEFAULT CURRENT_TIMESTAMP,
  `user_id` int(11) DEFAULT NULL,
  `album_id` int(11) DEFAULT NULL,
  `rating` tinyint(1) NOT NULL DEFAULT '0',
  PRIMARY KEY (`review_id`),
  KEY `id_user_fk_idx` (`user_id`),
  KEY `id_album_fk_idx` (`album_id`),
  CONSTRAINT `id_album_fk` FOREIGN KEY (`album_id`) REFERENCES `album` (`album_id`) ON DELETE CASCADE ON UPDATE CASCADE,
  CONSTRAINT `id_user_fk` FOREIGN KEY (`user_id`) REFERENCES `user` (`user_id`)
) ENGINE=InnoDB AUTO_INCREMENT=35 DEFAULT CHARSET=utf8mb4 COLLATE=utf8mb4_0900_ai_ci;
/*!40101 SET character_set_client = @saved_cs_client */;

--
-- Dumping data for table `review`
--

LOCK TABLES `review` WRITE;
/*!40000 ALTER TABLE `review` DISABLE KEYS */;
INSERT INTO `review` VALUES (9,'<p>Nadie me lo hab&iacute;a explicado; el asunto es que para este &aacute;lbum Page ya hab&iacute;a tenido bastante con el rock descerabrado y visceral de los dos &aacute;lbumes anteriores y ahora quer&iacute;a demostrarle al mundo que adem&aacute;s de hacer ruido con riffs de dos notas, su banda tambi&eacute;n pod&iacute;a producir proyectos m&aacute;s serios, experimentales y &quot;art&iacute;sticos&quot;. Que adem&aacute;s de tocar alto y el&eacute;ctrico, su banda tambi&eacute;n pod&iacute;a tocar ac&uacute;stico y relajado. Entonces se exiliaron en plena campi&ntilde;a galesa y en ese ambiente id&iacute;lico grabaron este LP inesperadamente repleto de canciones ac&uacute;sticas, vi&ntilde;etas de folk-rock, baladas relajadas y ejercicios experimentales. La movida les cost&oacute; caro: los fans que se hab&iacute;an fascinado comprensiblemente con el material anterior reprocharon la falta de garra y potencia mientras que la cr&iacute;tica especializada no dud&oacute; en calificar toda esta experimentaci&oacute;n como un fracaso art&iacute;stico. Hoy en d&iacute;a, sin embargo, son muchos los fans que reivindican a&nbsp;<em>Led Zeppelin 3</em>&nbsp;no solo como un gran &aacute;lbum sino como el mejor de todos. En mi caso, luego de unos d&iacute;as me arrepent&iacute; de mi error impulsivo y mentalmente estrecho y volv&iacute; a comprarlo. Entonces s&iacute;; de a poco empec&eacute; a entenderlo. No me peg&oacute; con la contundencia de&nbsp;<em>Led Zeppelin 1&nbsp;</em>o&nbsp;<em>2</em>, pero con algo de tiempo logr&eacute; descubir el incre&iacute;ble encanto subrepticio de estas canciones, hasta el punto que hoy en d&iacute;a es mi segundo o tercer &aacute;lbum favorito del grupo (todav&iacute;a no puedo decidirme entre &eacute;ste y&nbsp;<em>Led Zeppelin 1</em>) y amo cada una de estas joyitas ac&uacute;sticas.</p>\n','2020-02-17 12:05:23',3,13,4),(10,'<p>Siguiendo con la tradici&oacute;n de&nbsp;<em>Are You Experienced?&nbsp;</em>y&nbsp;<em>The Doors</em>, Led Zeppelin abre su carrera con una revoluci&oacute;n total en la forma de hacer rock &amp; roll. B&aacute;sicamente, es un &aacute;lbum de blues, pero ciertamente que no se trata de OTRO &aacute;lbum de blues. Es el blues/rock m&aacute;s pesado, oscuro, bomb&aacute;stico, sexual y deprimente jam&aacute;s hecho por nadie hasta entonces. Fue un verdadero shock; a comienzos de 1969 el mundo nunca hab&iacute;a escuchado nada as&iacute; y ciertamente, ninguna otra banda jam&aacute;s lo igual&oacute;. Habr&aacute; habido mil banditas metal que hicieron m&aacute;s ruido, pero en materia de blues, nada m&aacute;s pesado y pesadillesco&nbsp;<em>Led Zeppelin 1</em>. Sin duda que esta m&uacute;sica tiene alg&uacute;n precedente: tanto&nbsp;<em>Are You Experienced?&nbsp;</em>con sus tonos de guitarra psic&oacute;ticos como el blues/rock de&nbsp;<em>Truth&nbsp;</em>de Jeff Beck o las famos&iacute;simas tomas en vivo de Cream sirvieron m&aacute;s o menos como condici&oacute;n de producci&oacute;n antecente... pero en su debut, Page &amp; compa&ntilde;&iacute;a realmente rompieron todos los moldes habidos y por haber en materia de rock and roll. As&iacute; de sencillo.</p>\n','2020-02-17 13:07:55',3,16,6),(11,'<p>&iquest;Pero que es exactamente lo que hace tan especial y revolucionario al sonido de este album? Vamos por partes: en primer lugar la secci&oacute;n r&iacute;tmica de Led Zeppelin, ya desde un comienzo, se revelaba completamente devastadora y m&aacute;s ajustada que unas calzas. Los tambores de Bonham suenan literalmente como bombas de estruendo explotando dentro de los parlantes y las pulsantes l&iacute;neas de bajo de Jones barren con su vibraci&oacute;n hasta los cimientos del alma. Solamente los Who, con Moon y Entwistle eran superiores en esa &eacute;poca, pero como para entonces Townshend estaba guiando a la banda por caminos mucho menos tempestuosos (<em>Sell Out</em>,&nbsp;<em>Tommy</em>) Jones y Bonham de Zeppelin eran realmente &uacute;nicos en lo suyo. Tambi&eacute;n est&aacute; la voz de Robert Plant, sin duda en su absoluto pico de potencia y expresividad y un Jimmy Page que ya demostraba que era un virtuoso de la guitarra. Teniendo en cuenta que los d&iacute;as de Clapton en Cream hab&iacute;an finalizado y Hendrix estaba prepar&aacute;ndose para partir, no me cabe duda que a partir de este momento y por un largo tiempo, Page se convirti&oacute; en el guitarrista m&aacute;s potente y creativo del rock. Los riffs que se manda en este &aacute;lbum no se comparan con NADA de lo grabado previamente: nunca antes nadie, ni siquiera Hendrix, se hab&iacute;a animado a tocar tan al l&iacute;mite, tan pesado, tan bestialmente como Jimmy aqu&iacute;. Casi sin darse cuenta, Led Zeppelin sienta las bases para toda la m&uacute;sica rock de la d&eacute;cada de los 70 con su bomb&aacute;stica, su exageraci&oacute;n y su monol&iacute;tica performance (aunque en mi opini&oacute;n no empezar&iacute;an a sonar realmente setentosos hasta&nbsp;<em>Led Zeppelin IV</em>)&nbsp;</p>\n\n<p>&nbsp;</p>\n','2020-02-17 13:09:28',4,16,3),(12,'<p>A primera o&iacute;da este &aacute;lbum puede parecer pura basura, ampulosa e irritante para el buen gusto, repleta de vocalizaciones espantosas, melod&iacute;as exageradas y bochornosas pretenciones de glamour. &iexcl;Por lo menos, algo por el estilo me pareci&oacute; a m&iacute;!, pero al darle un par de oportunidades m&aacute;s me sorprend&iacute; de ir encontrando un &aacute;lbum sumamente competente repleto de singulares caracter&iacute;sticas que lo alejaban de esa primera impresi&oacute;n. En primer lugar, es sin lugar a dudas el &aacute;lbum m&aacute;s pesado, denso, oscuro y rockero de todo el repertorio de Queen; en efecto, algunas canciones rockean aqu&iacute; tan duro que har&iacute;an palidecer a Led Zeppelin y a Deep Purple juntos (Bueno, quiz&aacute; est&eacute; exagerando). Pero lo m&aacute;s asombroso de todo es que este &quot;heavy - rock&quot; est&aacute; milagrosamente intercalado con algunas partecitas &quot;gentiles&quot;, &quot;femeninas&quot;, &quot;de ensue&ntilde;o&quot; que transforman este debut en una experiencia &uacute;nica inhallable en cualquier otra parte. No es un disco tan variado e instant&aacute;neamente cautivador como los subsiguientes &aacute;lbumes del grupo y los elementos oper&iacute;stcos que caracterizar&iacute;an su pico art&iacute;stico todav&iacute;a no aparecen en su plenitud (algunos embriones sin embargo hay), pero es un fabuloso ejemplo del Queen rockero en su extremo, sin mucho piano y con la feroz e inigualable guitarra de Brian May dejando su impronta desde el principio y dominando cada minuto de los 39 que dura.</p>\n','2020-02-17 17:50:06',6,17,5),(13,'<p>Este fue el primer &aacute;lbum de Queen que escuch&eacute; (en cassette) y a pesar de que no tengo para nada definido un &quot;album favorito&quot; de Queen (por algo casi todos tienen 8), este es el que m&aacute;s se le acerca. &iexcl;Curiosa elecci&oacute;n! debido a que, en primer lugar no hay ning&uacute;n cl&aacute;sico obvio de la banda, y en segundo porque&nbsp;<em>Queen II&nbsp;</em>es, casi sin dudas, su trabajo m&aacute;s autoindulgente, ampuloso, excesivo y rimbombante de todos los tiempos. Aj&aacute;, &iexcl;Y eso que todav&iacute;a no estaban involucrados con todo el asunto de la &oacute;pera! La diferencia con otros de sus &aacute;lbumes autoindulgentes, ampulosos, excesivos y rimbombantes es que aqu&iacute; no percibo esa atm&oacute;sfera de &quot;parodia&quot; o &quot;levedad&quot; o &quot;diviert&aacute;nse&quot; que transmiten discos como&nbsp;<em>A Night At The Opera</em>&nbsp;o, especialmente,&nbsp;<em>Jazz</em>. No, aqu&iacute; toda la epicidad y grandiosidad de la m&uacute;sica da toda la impresi&oacute;n de venir en serio, de no inspirar nada l&uacute;dico. A la vez, tambi&eacute;n podr&iacute;a ser considerado su &aacute;lbum m&aacute;s oscuro.</p>\n\n<p>En comparaci&oacute;n con el debut debo decir que suena bastante distinto para un &aacute;lbum que lleva el mismo nombre. Bueno, no tanto; las fiestas de riffs y &eacute;picas suites teatrales contin&uacute;an en buena forma, solo que aqu&iacute; aparecen much&iacute;simo m&aacute;s pulidas y cuidadas, con una mayor acentuaci&oacute;n en los teclados (piano, clavicordio) y una sorpresiva retirada de la otrora omnipresente guitarra de Brian May. Por esa raz&oacute;n es un &aacute;lbum mucho menos heavy que su debut y las diferentes partes de las minisuites suenan m&aacute;s diversas y con m&aacute;s matices, lo cual lo ubica un poco m&aacute;s arriba. &iquest;Por qu&eacute; digo que es el candidato n&uacute;mero una para ser mi favorito? Me atrae la oscuridad general que transmite (dada principalmente por su falta de hits y sus melod&iacute;as et&eacute;reas) pero b&aacute;sicamente porque mis temas favoritos de aqu&iacute; me gustan much&iacute;simo.&nbsp;<em>Queen II&nbsp;</em>tiene tantos temas extraordinarios como rutinarios, pero los extraordinarios son EXTRAORDINARIOS, as&iacute;, con may&uacute;sculas.</p>\n\n<p>&nbsp;</p>\n','2020-02-17 17:51:34',6,18,5),(14,'<p>Menos ampuloso y exuberante que los dos &aacute;lbumes anteriores. Mucho m&aacute;s variado. Esto suena bien &iquest;No? Uno dir&iacute;a &iexcl;MEJOR! Puede ser; sigo prefieriendo la oscuridad teatral de&nbsp;<em>Queen 2</em>&nbsp;como algo que en mis o&iacute;dos suena un poco m&aacute;s fascinante, pero en l&iacute;neas generales&nbsp;<em>Sheer Heart Attack&nbsp;</em>es un &aacute;lbum m&aacute;s que bueno con todos los ingredientes que hacen de Queen una banda irresistible funcionando en plena forma. Se trata de un &aacute;lbum bisagra, ya que marca una transici&oacute;n en donde la banda se aleja un poco de los devaneos heavy/glam de sus primeros dos trabajos para acercarse a la f&oacute;rmula que los har&iacute;a inmortales: rock puro, music hall, ragtime y &oacute;pera amalgamados como ninguna otra banda podr&iacute;a so&ntilde;ar, todo esto signado por un enfoque bastante m&aacute;s pulido, repleto de melod&iacute;as imbatibles y ganchos por doquier. Las tendencias oper&iacute;sticas que marcar&iacute;an fuertemente sos dos siguientes obras solo pueden adivinarse en algunos tracks, es decir;&nbsp;<em>ese&nbsp;</em>aspecto de Queen todav&iacute;a no aparece, pero la versatilidad desborda por todos lados... desde extremos n&uacute;meros heavy (<em>Stone Cold Crazy</em>) hasta parodias ragtime (<em>Bring Back That Leroy Brown</em>) pasando por &quot;piano ballads&quot; (<em>Lili Of The Valley</em>), &quot;power ballads&quot; (<em>In The Lap Of The Gods</em>&nbsp;<em>Revisted</em>) y cosas inclasificables que solo Queen pod&iacute;a crear. S&iacute;, mucho m&aacute;s variado que los dos anteriores; cada canci&oacute;n es una atm&oacute;sfera en s&iacute; misma... pero hablando de canciones, &iexcl;Vamos a ellas!</p>\n\n<p>El &aacute;lbum abre con una leve melod&iacute;a circense que se desliza enseguida en uno de los mejores temas.&nbsp;<em>Brighton Rock&nbsp;</em>llama inmediatamente la atenci&oacute;n por la bizarra combinaci&oacute;n de un riff potente y veloz de May con la voz incre&iacute;blemente gay de Freddie. Solo Queen pod&iacute;a hacer que una cosa as&iacute; funcionara, porque funciona bien. Tambi&eacute;n adoro el estribillo: &quot;Oh! rock of ages do not crumble...&quot;; es una melod&iacute;a gloriosa que demuestra la total maestr&iacute;a de esta banda con los ganchos mel&oacute;dicos, solo superados por los Beatles. Pero sin duda el plato fuerte de este primer tema es el &eacute;pico y extenso solo de guitarra de Brian. Debo admitir que no es particularmente memorable, pero la cantidad de truquitos, efectitos y soniditos que logra sacar en los tres minutos y pico que dura lo hacen una experiencia valiosa. Nadie ha hecho sonar una guitarra as&iacute;, solo nuestro viejo amigo Brian. Enseguida se da paso al mejor tema del &aacute;lbum; la inolvidable&nbsp;<em>Killer Queen</em>, una de las m&aacute;s irresistibles y magistrales composiciones de Queen, una perfecta cruza entre pop y music-hall en un tema sobre una prostituta. Los arreglos son inmaculados, con la guitarra y el piano interactuando maravillosamente, y las armon&iacute;as del estribillo son puro genio musical. El &aacute;lbum abre, como ven, con alto vuelo.</p>\n\n<p>&nbsp;</p>\n','2020-02-17 17:52:37',6,19,4),(15,'<p>Este &aacute;lbum me deja algunas dudas. Dudas sobre si es&nbsp;<em>Let It Bleed&nbsp;</em>el mejor disco de los Stones, o este. Bueno, los dos son mis favoritos.&nbsp;<em>Sticky Fingers&nbsp;</em>es la quintaesencia del sonido Stone; el country plano y puro de&nbsp;<em>Beggars Banquet&nbsp;</em>y el blues rock de&nbsp;<em>Let It Bleed&nbsp;</em>se condensan aqu&iacute; en el m&aacute;s puro y directo rock&#39; n&#39; roll&#39; jam&aacute;s aparecido en alg&uacute;n disco de los Stones. El country sigue estando (<em>Dead Flowers</em>), el blues tambi&eacute;n (<em>You Gotta Move</em>) pero los highlights del disco son simplemente n&uacute;meros de rock, lisa y llanamente rock. Pero EXCELENTE, condenadamente excelente rock and roll, inmaculadamente producido (se podr&iacute;a escuchar la ca&iacute;da de un alfiler en medio del riff de&nbsp;<em>Brown Sugar</em>), e interpretado con una soltura, una vena y una frescura a la que ninguna otra banda, ni siquiera Led Zeppelin debo admitir, podr&iacute;a aspirar.</p>\n\n<p>En comparaci&oacute;n con otros &aacute;lbumes del mismo grupo debo decir que sale ganando con respecto a&nbsp;<em>Beggars Banquet&nbsp;</em>y&nbsp;<em>Exile On Main Street&nbsp;</em>porque ostenta mayor variedad de climas y porque casi todas las canciones son obras maestras, mientras que en aquellos discos podr&iacute;a vivir solo con dos o tres temas nada m&aacute;s. S&iacute;, este &aacute;lbum es un cl&aacute;sico absoluto detr&aacute;s de otro y por eso est&aacute; claramente en el podio de &aacute;lbumes Stone junto a&nbsp;<em>Let It Bleed&nbsp;</em>y&nbsp;<em>Get Yer Ya-Ya&#39;s Out</em>. Lo que tambi&eacute;n me sorprende es lo distinto que suena al &aacute;lbum de estudio anterior; los Stones decididamente han iniciado la nueva d&eacute;cada con todo: mientras&nbsp;<em>Let It Bleed&nbsp;</em>todav&iacute;a conservaba una atm&oacute;sfera de rhythm and blues de los sesenta, con valores de producci&oacute;n un tanto descuidados, aqu&iacute; parece tomar forma el paradigma musical de los Stones de los 70; impecable producci&oacute;n, una imagen de suciedad, sexo y decadencia cada vez m&aacute;s fuerte e intencional, rock and roll puro y b&aacute;sico sin demasiada experimentaci&oacute;n... solo que los rockers y baladas de&nbsp;<em>Sticky Fingers&nbsp;</em>dejan pr&aacute;cticamente en rid&iacute;culo cualquier intento posterior. As&iacute; de superior es este &aacute;lbum.</p>\n','2020-02-17 17:55:11',6,20,6),(16,'<p>Siempre tuve la desagradable impresi&oacute;n de que&nbsp;<em>Beggars Banquet&nbsp;</em>recibe m&aacute;s reconocimiento y prensa que su inmediato sucesor,<em>&nbsp;</em>pero la verdad, o al menos mi verdad, &eacute;ste es OSTENSIBLEMENTE superior, mucho m&aacute;s entretenido, m&aacute;s contundente. Cuando hablamos de&nbsp;<em>Let It Bleed&nbsp;</em>estamos hablando de un inolvidable cl&aacute;sico del rock, en el que la esencia m&aacute;s cruda y oscura de los Stones alcanza su m&aacute;ximo florecimiento. Estamos hablando del absoluto pico de la banda como maestros del hard-rock y compositores de canciones, al menos junto a&nbsp;<em>Sticky Fingers</em>. Si sos uno de esos tantos esc&eacute;pticos que no terminan de entender la grandeza de los Rolling Stones, haceme el favor de correr YA a comprarte esto y si no te gusta, pues entonces podr&iacute;as esfumarte de la faz de la Tierra que &eacute;sta ser&iacute;a un lugar mucho mejor.</p>\n\n<p>Bromas aparte, el &aacute;lbum es realmente magn&iacute;fico, infalible, perfecto. No solo me es imposible se&ntilde;alar UNA SOLA canci&oacute;n mala, o d&eacute;bil, o de relleno, o &quot;no tan buena&quot;, sino que adem&aacute;s, repito, representa una mejora considerable con respecto al buc&oacute;lico&nbsp;<em>Beggars Banquet&nbsp;</em>y, para el caso, cualquier otro &aacute;lbum anterior. Mientras que en&nbsp;<em>Banquet</em>&nbsp;las canciones eran dentro de todo bastantes similares entre s&iacute; y transmit&iacute;an una misma sensaci&oacute;n, aqu&iacute; en&nbsp;<em>Let It Bleed</em>&nbsp;los Stones le dan m&aacute;s convicci&oacute;n a cada una, las hacen mucho m&aacute;s distintivas, lo suficiente como para que &eacute;sta sea su obra m&aacute;s diversa y cambiante hasta la fecha: rock/blues bien, bien pesadito (<em>Midnight Rambler</em>), baladas bluseadas (<em>Love In Vain</em>), &eacute;picas rockeras y oscuras (<em>Gimmie Shelter</em>), himnos con masas corales&nbsp;<em>(You Can&#39;t Always Get What You Want</em>), org&iacute;as de riffs (<em>Monkey Man</em>), country (<em>Country Tonk</em>) etc&eacute;tera. De esta manera, mientras que en&nbsp;<em>Beggars&nbsp;</em>siempre me dio la sensaci&oacute;n de que las canciones, buen&iacute;simas o no, eran todas m&aacute;s o menos intercambiables, aqu&iacute; cada una hace lo suyo, est&aacute; donde tiene que estar y es irremplazable. Lo curioso es que&nbsp;<em>Let It Bleed&nbsp;</em>repite paso a paso el mismo esquema de&nbsp;<em>Banquet</em>; una &eacute;pica cl&aacute;sica para comenzar, una balada blusera, un country medio en broma, un blues-rocker, y as&iacute; sucecivamente hasta finalizar con un gran himno inflado y pretencioso... Sin embargo,&nbsp;<em>Bleed&nbsp;</em>se las ingenia para mejorar sin atenuantes en cada uno de los lotes. Es incre&iacute;ble; no me pregunten c&oacute;mo se hace para pasar de la gran calidad de&nbsp;<em>Banquet&nbsp;</em>a algo a&uacute;n m&aacute;s impactante, pero los Stones lo hicieron. Quiz&aacute; influya el hecho de que aqu&iacute;<em>&nbsp;</em>los muchachos finalmente se ajustan los lienzos, se dejan de joder con cosas raras y pelan algunos riffs y melod&iacute;as de antolog&iacute;a; por fin, luego de las atm&oacute;sferas campestres y experimentos de&nbsp;<em>Beggars Banquet</em>, los Stones se deciden a rockear y a ROCKEAR DURO, como nunca antes lo hab&iacute;an hecho en su carrera. Tan duro rockean que Jimi Hendrix palidecer&iacute;a al escucharlos.&nbsp;Maravilloso</p>\n','2020-02-17 18:19:13',6,21,6),(17,'<p>Unos nuevos Who se presentan al mundo con&nbsp;<em>Who&rsquo;s Next</em>; unos Who m&aacute;s exagerados, m&aacute;s grandilocuentes y bomb&aacute;sticos que nunca. Las nuevas canciones ya no son los t&iacute;midos rhythm and blues de los primeros a&ntilde;os, ni el pop bizarro y livianito de&nbsp;<em>Sell Out</em>, ni tampoco las moderadas vi&ntilde;etas ac&uacute;sticas de&nbsp;<em>Tommy</em>. Esta vez las canciones son verdaderos MONSTRUOS de sonido que aplastan y devoran al oyente en inacabables org&iacute;as de power-chords y clim&aacute;ticas progresiones.&nbsp;<em>Live At Leeds&nbsp;</em>ya hab&iacute;a demostrado lo poderosos que pod&iacute;an ser estos muchachitos en p&uacute;blico; pues&nbsp;<em>Who&rsquo;s Next&nbsp;</em>viene a probar que tambi&eacute;n eran capaces arrasar con el estudio. Como es de esperar;&nbsp;<em>Who&rsquo;s Next&nbsp;</em>ROCKEAAAA.</p>\n\n<p>Hay gente a la que le cuesta digerir el nuevo sonido de The Who en este &aacute;lbum. Claro, si amas a&nbsp;<em>The Who&nbsp;</em>por canciones sutiles y entretenidas como&nbsp;<em>Happy Jack</em>,&nbsp;<em>Substitute</em>,&nbsp;<em>I&rsquo;m A Boy&nbsp;</em>o&nbsp;<em>Magic Bus&nbsp;</em>pues est&aacute;s en problemas con&nbsp;<em>Who&rsquo;s Next</em>. Los Who experimentales y sutiles de los 60 han pasado a la historia y la nueva d&eacute;cada los ha sorprendido con sus nuevos paradigmas de producci&oacute;n, con su tendencia hacia la exageraci&oacute;n, la desmesura y la grandiosidad. De hecho,&nbsp;<em>Who&rsquo;s Next&nbsp;</em>es, desde mi punto de vista, uno de los tres grandes &aacute;lbumes de 1971 que sentaron los paradigmas de actitud e intenci&oacute;n que dominar&iacute;an los 70&rsquo;, junto a&nbsp;<em>Sticky Fingers&nbsp;</em>y&nbsp;<em>Led Zeppelin 4</em>. Lo que estos tres &aacute;lbumes, diferentes musicalmente, tienen en com&uacute;n es la tendencia a exagerar las cosas, inflarlo todo, dejar de lado cualquier tipo de sutileza, con el fin de alcanzar un impacto grandioso, ant&eacute;mico y cat&aacute;rquico en los oyentes. Para abordar esta nueva onda, los Who de&nbsp;<em>Who&rsquo;s Next</em>&nbsp;no se andan con mucha vuelta y atacan las fibras del oyente por todos sus flancos: toneladas de trallazos met&aacute;licos de Pete, una bater&iacute;a de Keith m&aacute;s descontrolada que nunca, sinf&oacute;nicos sonidos de piano y &oacute;rgano, espectaculares rugidos de Roger y cantidades industriales de sintetizador se aglomeran resultando en un poderoso torrente sonoro uniforme donde todo es pesado, todo es gigante, todo te aplasta. Y ese es el asunto: al oyente le viene bien de vez en cuando un rock que lo haga explotar desde bien adentro, pero siempre y cuando se balancee con cositas m&aacute;s sutiles y discretas que ofrezcan la posibilidad de escuchar con atenci&oacute;n y deleitarse con peque&ntilde;os matices. Por esta raz&oacute;n, estos nuevos Who (que seguir&aacute;n con el mismo sonido hasta la muerte de Keith) pueden llegar a ser chocantes y agobiantes para cierto tipo de oyentes</p>\n','2020-02-17 18:28:08',6,23,6),(18,'<p>Lo confieso: una GRAN parte de mi quiere darle un diez a este formidable disco doble. Es que en ciertos aspectos&nbsp;<em>Quadrophenia</em>&nbsp;es TAN perfecto que a veces prefiero olvidarme de sus escasos defectos y subirme al caballito de quienes piensan que esta es la obra definitiva de The Who. Claro, no puedo: despu&eacute;s de todo otra parte de m&iacute; siente que no todo sali&oacute; tan bien para Pete, pero eso lo sistematizar&eacute; m&aacute;s adelante.</p>\n\n<p><em>Quadrophenia&nbsp;</em>es otra &oacute;pera rock, la segunda de The Who despu&eacute;s de ya-saben-cu&aacute;l. Y claro, despu&eacute;s del &eacute;xito arrasador de&nbsp;<em>Tom&aacute;s juega al Pinball&nbsp;</em>era bastante predecible que Pete volver&iacute;a a ahondar en este tipo de cosas. El fracaso de&nbsp;<em>Lifehouse&nbsp;</em>fue un grave traspi&eacute;, pero parece que Townshend es un tipo bastante persistente y aqu&iacute; lo tenemos de nuevo: componiendo &eacute;l solito un flamante y espectacular &aacute;lbum conceptual (letra y m&uacute;sica) a los veintisiete a&ntilde;os de edad. Dir&iacute;a que bastante bien &iquest;No? Me pregunto que estaremos haciendo nosotros a los veitisiete. Por fortuna, al concebir&nbsp;<em>Quadrophenia&nbsp;</em>Pete se cuid&oacute; muy bien de los Magos del Pinball y los Espejos M&aacute;gicos y los Campamentos de Vacaciones y todo ese tipo de pirotecnia; se trata de un concepto much&iacute;simo m&aacute;s profundo, personal y emocional en cuya comparaci&oacute;n toda la epopeya de&nbsp;<em>Tommy&nbsp;</em>parece una lastimera telenovela venezolana. Hab&iacute;a dicho que la historia de&nbsp;<em>Tommy&nbsp;</em>no irritaba mi inteligencia porque entend&iacute;a que su estupidez y exageraci&oacute;n era m&aacute;s o menos aceptable dentro del marco de una &oacute;pera rock. Pero claro, &iquest;Para qu&eacute; quiero ese tipo de cosas si puedo optar antes por un desgarrador y reflexivo poema sobre la adolescencia como lo es&nbsp;<em>Quad</em>? As&iacute; es: en un aspecto puramente conceptual,&nbsp;<em>Quadrophenia&nbsp;</em>APLASTA a su antecesor y a cualquier otro &aacute;lbum de la banda</p>\n','2020-02-17 18:29:58',6,24,5),(19,'<p>En 1974, los Who estaban sin material fresco para un nuevo &aacute;lbum y, para colmo, la inmensa cantidad de temas in&eacute;ditos y rarezas varias que hab&iacute;an acumulado para estas &eacute;pocas estaba circulando sin control en m&uacute;ltiples bootlegs de mala calidad que los fans consum&iacute;an fam&eacute;licamente. Un doble problema con una sola soluci&oacute;n: esta curiosa compilaci&oacute;n llamada&nbsp;<em>Odds And Sods</em>, que por un lado llena el vac&iacute;o ocasionado a falta de &aacute;lbum nuevo y, por el otro, publica oficialmente un buen pu&ntilde;ado de temas oscuros y no tan oscuros que andaban perdidos por ah&iacute;. Originalmente&nbsp;<em>Odds And Sods</em>, recopilado por John Entwistle en 1974, conten&iacute;a solo once canciones, lo cual era francamente una tomada de pelo teniendo en cuenta la CANTIDAD de in&eacute;ditas interesantes que ten&iacute;a el grupo por aquel entonces. Una reciente re-edici&oacute;n se encarga de remendar tal error, agregando la nada despreciable cifra de &iexcl;DOCE! canciones nuevas, reordenando el track-list en orden cronol&oacute;gico. Jaja &iexcl;A esto le llamo yo un &aacute;lbum con bonus tracks! El resultado es una compilaci&oacute;n sumamente variada que, si bien es demasiado irregular y desarticulada para ser considerada infaltable, contiene un pu&ntilde;ado de cl&aacute;sicos del grupo que ning&uacute;n fan puede darse el lujo de omitir.</p>\n\n<p>Dicho esto,&nbsp;<em>Odds And Sods&nbsp;</em>est&aacute; MUY lejos de ser la compilaci&oacute;n definitiva de The Who. El problema con esta condenada banda es que tiene una carga INGENTE de singles que no aparecen en LP&rsquo;s y una carga ENORME de canciones descolgadas y outakes.&nbsp;<em>Odds And Sods&nbsp;</em>solo brinda arbitrariamente una peque&ntilde;a parte de todo ese arsenal de rarezas y a&uacute;n en d&iacute;a no existe una sola maldita colecci&oacute;n que aglutine TODAS las rarezas y singles. Este &aacute;lbum se concentra m&aacute;s en los descartes de sesiones anteriores que en los singles: es decir, en canciones (como&nbsp;<em>Naked Eye&nbsp;</em>o&nbsp;<em>Pure And Easy</em>) que nunca antes hab&iacute;an visto la luz, ni en single ni en LP&rsquo;s. Muchas de estas no se hallan aqu&iacute; porque se han agregado como bonus tracks en &aacute;lbumes anteriores (<em>Melancholia</em>,&nbsp;<em>Desguises</em>,&nbsp;<em>I Don&rsquo;t Even Know Myself</em>) pero tambi&eacute;n hay canciones que al mismo tiempo aparecen aqu&iacute; y como bonus en otros &aacute;lbumes (<em>Too Much Of Anything</em>) As&iacute; mismo, hay rarezas que no aparecen ni aqu&iacute; ni en ning&uacute;n otro &aacute;lbum (<em>Relay</em>,&nbsp;<em>Let&rsquo;s See Action</em>). Y ni hablar de los famosos singles y oscuras caras B... Todos esos est&aacute;n diseminados en otras cuantas compilaciones, grandes &eacute;xitos y box-sets &iexcl;Qu&eacute; fastidioso que es el cat&aacute;logo de The Who! &iexcl;Por favor! &iquest;Qui&eacute;n lo dise&ntilde;&oacute;? &iexcl;&iquest;Homero Simpson?!</p>\n','2020-02-17 18:31:12',6,25,4),(20,'<p>M&aacute;s depresivo que el infierno. As&iacute; suena este &aacute;lbum por momentos, y &iexcl;Ojo! no me crean enemigo de los &aacute;lbumes depresivos: soy una persona tan poco depresiva que los discos de estas caracter&iacute;sticas suelen FASCINARME (de otra forma ya hubiera intentado alg&uacute;n tipo de suicidio escuch&aacute;ndolos) como una forma de explorar los horrores y los fantasmas que ciertos artistas tienen adentro. Desde&nbsp;<em>Animals&nbsp;</em>y&nbsp;<em>The Wall</em>, hasta&nbsp;<em>Ok Computer&nbsp;</em>y no se cu&aacute;ntos m&aacute;s... Hey! incluso&nbsp;<em>Quadrophenia&nbsp;</em>es un &aacute;lbum con momentos sumamente deprimentes. Pero mientras en esa &oacute;pera doble<em>&nbsp;</em>Pete se ocup&oacute; m&aacute;s que bien de los aspectos musicales y mel&oacute;dicos de sus composiciones, en&nbsp;<em>Who By Numbers&nbsp;</em>parece haberse concentrado exclusivamente en escupir toda su frustraci&oacute;n y su impotencia con el horrible mundo que nos rodea, relegando lo m&uacute;sical a un segundo plano.</p>\n\n<p>El resultado es un &aacute;lbum que estil&iacute;sticamente no se aleja mucho de&nbsp;<em>Quad&nbsp;</em>pero que a la vez resulta gris, poco inspirado y carente de ganchos o melod&iacute;as interesantes. Podr&iacute;a suponerse que en realidad no se trata de que Pete simplemente &ldquo;releg&oacute; lo musical a un segundo plano&rdquo;, sino que un esfuerzo c&uacute;lmine como lo fue&nbsp;<em>Quadrophenia&nbsp;</em>agot&oacute; creativamente a todo el grupo. Suena como si as&iacute; fuera; antes a Pete las buenas melod&iacute;as le surg&iacute;an naturalmente como quien se hace una tostada, es decir, no ten&iacute;a que esforzarse realmente por ello. Pero ahora de repente apenas puede arregl&aacute;rselas con un pu&ntilde;ado de canciones que en general son decentes y algo emotivas pero que no pueden volarme la cabeza o siquiera engancharme. Hab&iacute;a dicho en la introducci&oacute;n que Townshend viv&iacute;a con ataques de nervios y depresi&oacute;n; las canciones de&nbsp;<em>Who By Numbers&nbsp;</em>pertenecen a uno de estos momentos de confusi&oacute;n y las letras no dejan ninguna duda de que todo alrededor es una condenada mierda y la vida no tiene sentido. Las noche es un solitario encierro para emborracharse como un perdedor, los &ldquo;amigos&rdquo; que nos rodean son mentirosos ego&iacute;stas y vaya uno a saber qu&eacute; otras p&aacute;lidas surtidas &iexcl;Wow! Pete sigue mordiendo, l&aacute;stima que en esta ocasi&oacute;n no haya encontrado las mejores melod&iacute;as; l&aacute;stima que las guitarras suenen bobas y gen&eacute;ricas; l&aacute;stima que la voz de Roger no parezca muy adecuada para la mayor&iacute;a de los temas. En definitiva, est&aacute; m&aacute;s que claro que&nbsp;<em>The Who By Numbers</em>, a&uacute;n sin ser un mal disco, marca el comienzo del final para The Who. Pienso que todos los grupos terminan cayendo en la decadencia: suerte que The Who<em>&nbsp;</em>lo hace de forma mucho m&aacute;s decorosa que bandas como Led Zeppelin o Pink Floyd</p>\n','2020-02-17 18:32:29',6,26,3),(21,'<p>Si tengo que se&ntilde;alar una canci&oacute;n aqu&iacute; que realmente se me haya pegado como un cl&aacute;sico, esa ser&iacute;a la deliciosa y emotiva balada&nbsp;<em>Blue Red And Grey</em>, un n&uacute;mero de Pete solo con la mejor melod&iacute;a de todo el &aacute;lbum y un acompa&ntilde;amiento ultra-sobrio de &iexcl;Ukulele! &iexcl;Y OBOES! &iexcl;Qu&eacute; bien! No solo es una melod&iacute;a SUBLIME que probablemente te haga llorar, sino que adem&aacute;s se trata de una de las canciones m&aacute;s creativas del &aacute;lbum. Por suerte Pete abandan&oacute; esa costumbre de inflar las baladas con capas y capas de sonidos. Adem&aacute;s de&nbsp;<em>Blue Red And Grey</em>, el &aacute;lbum tiene un par de baladas m&aacute;s y, aunque ninguna alcanza semejantes alturas, se las ingenian para agradar.&nbsp;<em>Imagine A Man&nbsp;</em>es la que m&aacute;s se me ha quedado en la memoria, aunque sea por tener una melod&iacute;a de guitarra espeluznantemente hermosa y un ext&aacute;tico estribillo realmente memorable: &ldquo;And yooooou wiiiiiiiil seeeee theeeee eeeeeend&rdquo;. La melod&iacute;a de los versos, por otro lado, es un desvergonzado reciclaje de&nbsp;<em>Pure And Easy</em>, pero en l&iacute;neas generales esta balada vuelve a demostrar como arreglos convenientemente sobrios pegan cientos de veces m&aacute;s que esos excesos como&nbsp;<em>Song Is Over</em>. L&aacute;stima que Pete no haya mantenido la misma filosof&iacute;a para&nbsp;<em>How Many Friends</em>, otra balada decente pero eventualmente olvidable y mediocre con un estribillo gen&eacute;rico que no me mueve un solo pelo. Otra balada es&nbsp;<em>They&rsquo;re All In Love</em>&nbsp;y tengo que admitir que aunque no me pega gran cosa, la melod&iacute;a de los versos es tan hermosa como la m&aacute;s hermosa de las mujeres, al menos cuando Roger no intenta cantar con esa irritante voz machona. Y as&iacute; es el &ldquo;costado suave&rdquo; del &aacute;lbum: agradable pero intrascendente</p>\n','2020-02-17 18:33:45',3,26,2),(22,'<p>Es una especie de paradoja que el &aacute;lbum m&aacute;s blusero y ranchero de Zeppelin abra con &iexcl;Un tema pop! Pero as&iacute; es. Bien: por suerte se trata de un buen tema pop:&nbsp;<em>Good Times Bad Times&nbsp;</em>tiene esa brillante din&aacute;mica del Led Zeppelin temprano. El riff introductorio es simpl&iacute;simo pero s&iacute; que propina un buen sobresalto cuando empieza TUM, TUM... Ah! si me habr&eacute; asustado cuando esas dos notas aparec&iacute;an de pronto en el silencio clav&aacute;ndose como un cuchillo letal. La melod&iacute;a es brillante, pegadiza, ajustada (sobre todo en la primera estrofa que nunca vuelve a repetirse), el estribillo es luminoso y los riffs carnosos metidos entre verso y verso realzan esta canci&oacute;n normal a alturas estratosf&eacute;ricas. Pero a partir de aqu&iacute; las cosas solo se ponen mejor.&nbsp;<em>Babe I&#39;m Gonna Leave You&nbsp;</em>es una obra maestra absoluta donde Page demuestra desde bien temprano su pasi&oacute;n por el folk. La pista ac&uacute;stica es sencillamente celestial, el tono es maravillosamente oscuro y la voz de Plant, susurrante, dram&aacute;tica y completamente desgarradora completa una de las performances vocales m&aacute;s impresionantes JAM&Aacute;S GRABADAS. La canci&oacute;n es un poco repetitiva, pero no me aburre porque al mismo tiempo es un escenario din&aacute;mico repleto de alternancias mel&oacute;dicas y de tempo: Page crea dos riffs distintos absolutamente monumentales y &iexcl;Ac&uacute;sticos! Esto es virtualmente &iexcl;Heavy metal ac&uacute;stico! y las alternancias ente calma y tormenta funcionan a la perfecci&oacute;n, sobre todo en la primera irrupci&oacute;n del riff pesado (que nos hace saltar de la silla m&aacute;s o menos hasta el techo) y en el final sumamente sutil donde Plant canta &quot;I said it&#39;s when it&#39;s calling me back hoooooooome&quot; mientras Jimmy toca apenas un par de acordes trist&iacute;simos. L&aacute;grimas en mis ojos: fant&aacute;stico.&nbsp;<em>You Shook Me&nbsp;</em>es tambi&eacute;n un tema especial: no me resulta muy placentero como Plant arrastra torpemente la &uacute;ltima palabra de cada verso, pero la interpretaci&oacute;n es gigante: un incre&iacute;ble solo de &oacute;rgano de Jones, otro de arm&oacute;nica, uno de guitarra, un duelo entre la voz de Plant y la guitarra de Jimmy al final (con el eco que precede al sonido creando un perturbador efecto) redondean una performance blusera monol&iacute;tica, un verdadero basti&oacute;n en la historia del rock. NADIE toca el blues as&iacute;</p>\n','2020-02-17 18:34:41',3,16,6),(23,'<p>Y si alguno pensaba que el debut no pod&iacute;a ser m&aacute;s pesado, bueno... se equivocaba. Led Zeppelin, ese mismo a&ntilde;o, volvi&oacute; a la carga con un &aacute;lbum a&uacute;n m&aacute;s pesado y rockero que el anterior, con cantidades a&uacute;n m&aacute;s incre&iacute;bles de riffs cl&aacute;sicos y rockers de todos colores pisando como cien huracanes y menos blues y menos concesiones ac&uacute;sticas. Para un amante del pop feliz y tranquilo escucharlo puede ser una pesadilla terrible. Es el &aacute;lbum m&aacute;s pesado de la historia... bueno, seguramente hubo muchos m&aacute;s pesados que este&nbsp;<em>Led Zeppelin 2</em>, pero sinceramente creo que no ha existido ninguno tan&nbsp;<em>maravillosamente&nbsp;</em>pesado. Es esa m&uacute;sica heavy-rock que no suena como una masa insufrible de ruido por el hecho de hacer ruido, sino un heavy-rock cl&aacute;sico, retumbante y repleto de ganchos creativos en todas partes.</p>\n\n<p>Ahora bien, el &aacute;lbum tiene sus problemas. Fue grabado en plena gira, con la banda alquilando distintos estudios durante unas horas para grabar y producir cada tema a las apuradas. Es por eso que el sonido en este &aacute;lbum es marcadamente barroso, distorsionado en exceso, sucio y peor que el del &aacute;lbum anterior... mucha gente tiene problemas con este punto en particular. Por mi parte, s&iacute; reconozco ese problema y puedo o&iacute;r los defectos de producci&oacute;n, pero a decir verdad no me molesta. Ver&aacute;n: en primer lugar, la calidad de los riffs y la potencia desplegada son tales que el detalle del sonido queda en un segund&iacute;simo plano... en segundo lugar el problema no es TAN terrible: hay &aacute;lbumes con peor calidad de sonido que este sin lugar a dudas, como por ejemplo&nbsp;<em>The Who Sell Out</em>. Por otro lado pienso que hasta le queda BIEN un poco de suciedad distorsiva a un &aacute;lbum tan rockero y pesado como este. Si hubiera logrado la producci&oacute;n cristalina de, por ejemplo,&nbsp;<em>Sticky Fingers&nbsp;</em>(de los Stones, uno de los &aacute;lbumes mejor producidos de la historia) el aura, la atm&oacute;sfera del &aacute;lbum no ser&iacute;a la misma. Eso seguro</p>\n','2020-02-17 18:37:56',3,14,6),(24,'<p>Y entonces llegamos a una de las cumbres absolutas del &aacute;lbum.&nbsp;<em>Dazed And Confused&nbsp;</em>es una adaptaci&oacute;n de un viejo tema de los Yardbirs que a su vez hab&iacute;a sido tomado (robado, afanado, hurtado) de una composici&oacute;n oscura de un tal Jake Holmes. Sea cual sea el origen del tema, en&nbsp;<em>Dazed And Confused&nbsp;</em>la banda lo transforma en una verdadera pesadilla el&eacute;ctrica, un blues psicod&eacute;lico monstruoso que pisa como una estampida de mamuts arrastrando al oyente a la completa locura. En serio. Comienza con una l&iacute;nea de bajo lenta y oscur&iacute;sima adornada con mel&eacute;volos y amenazantes trucos de guitarra. Todo es lento y subrepticiamente peligroso: entra Plant y &iexcl;Mi Dios que este muchacho pod&iacute;a cantar! esa performance vocal es &iexcl;Asesina! &iexcl;Incre&iacute;ble! &iquest;Puede un humano efectivamente cantar as&iacute;? Terriblemente apasionada, inhumanamente potente... el pico total de Bobby. De pronto, tras el primer verso la banda entera se desliza en el riff principal de la canci&oacute;n, una masa lenta de sonido descendente, reptante, sumamente portentosa, psic&oacute;tica y pesada. Se&ntilde;ores estamos ante la canci&oacute;n m&aacute;s heavy de toda la d&eacute;cada de los 60. Respeto y contemplaci&oacute;n. Pero lo mejor AUN NO HA LLEGADO. Despu&eacute;s del segundo verso Page saca de la galera un SEGUNDO RIFF que hace que el anterior suene como una canci&oacute;n de Mary Poppins... &iexcl;Madre m&iacute;a! &iexcl;&iexcl;ESE RIFF!! De nuevo, es sumamente simple pero suena con una potencia tan gloriosa, tan MASTODONTICA que siento que en mi interior todos mis &oacute;rganos se desencajan y se revuelven de exitaci&oacute;n. Tony Iommi de Black Sabbath tuvo la imprudencia de reciclarlo para la canci&oacute;n&nbsp;<em>Paranoid&nbsp;</em>pero aquello es un p&aacute;lido reflejo. Despu&eacute;s de la secci&oacute;n principal la canci&oacute;n entra en una etapa de latencia, donde efectos curiosos de Page salen aqu&iacute; y all&aacute; preparando el terreno para una nueva tormenta de energ&iacute;a. Los tambores de Bonham nos despiertan del sue&ntilde;o y nos meten una patada hacia Marte. De pronto Jimmy mete un solo a velocidades ASTRON&Oacute;MICAS donde hasta se escucha que se le resbalan los dedos de lo r&aacute;pido que toca... todo mientras Bonzo sigue d&aacute;ndole a los tambores como si quisiera destruir el mundo. Y todo esto se resuelve en una repetici&oacute;n del segundo riff a&uacute;n m&aacute;s bestial, a&uacute;n m&aacute;s sudorosa. Un temazo... compositivamente es mediocre pero a qui&eacute;n le importan las melod&iacute;as cuando podemos tener a cuatro tipos tocando as&iacute;. Denme m&aacute;s</p>\n','2020-02-17 20:08:40',4,16,5),(25,'<p>La segunda cara (si hablamos del vinilo, claro) es m&aacute;s tranquila y menos rockera, lo cual suena a paradoja... despu&eacute;s de todo abre con&nbsp;<em>Bitch,&nbsp;</em>uno de los riffs m&aacute;s asesinos y descomunales del repertorio de los Stones; Un bajo retumbante, una guitarra demon&iacute;aca y la banda girando en trance alredeor de este riff que es la PERSONIFICACI&Oacute;N del rock. El resto de la canci&oacute;n fluye con una brutalidad y una cadencia rockera demon&iacute;aca que pone en ebullici&oacute;n todo el sudor de nuestros poros. Adem&aacute;s est&aacute; ese verso del &quot;perro de Pavlov&quot;... hey &iexcl;Cultura general en un disco de los Stones!&nbsp;<em>I Got The Blues&nbsp;</em>es un n&uacute;mero mel&oacute;dico de soul que podr&iacute;a ser considerado el &uacute;nico punto flojo del disco; no es que sea malo, de hecho tiene un solo de &oacute;rgano que me eriza la piel y demuestra que Mick s&iacute; es un gran vocalista, a&uacute;n cuando la pasi&oacute;n de este tema parezca medio actuada. Pero suena un poco pueril en comparaci&oacute;n al resto de los temas. No es que no me guste el soul, pero para que funcione tiene que estar cantado con verdadero sentimiento, sin contar que el soul no es ni la mitad de excitante que el rock que hay en este &aacute;lbum. Yo hallo un parecido con el tema de&nbsp;<em>Creedence Long As I Can See The Light</em>, y ya que aquel no me entusiasma mucho, no veo por qu&eacute;&nbsp;<em>I Got The Blues&nbsp;</em>habr&iacute;a de hacerlo. Pero el nivel se recupera con creces en las &uacute;ltimas tres canciones;&nbsp;<em>Sister Morphine</em>&nbsp;puede parecer un poco aburrida y vaga cuando comienza, pero despu&eacute;s se le agregan unos ominosos acordes el&eacute;ctricos que brindan una atm&oacute;sfera opresiva incre&iacute;ble. Bien apropiado porque su letra es una de las m&aacute;s terror&iacute;ficas f&aacute;bulas acerca de drogas, sobredosis, muerte y depresi&oacute;n que existen.&nbsp;<em>Dead Flowers&nbsp;</em>es un n&uacute;mero country; no tan country como los temas de&nbsp;<em>Beggars Banquet&nbsp;</em>pero s&iacute; una suerte de country pop muy pegadizo y muy agradable. Me han dicho que es el mejor tema del disco, e incluso el mejor de los Stones, pero bueno; yo preferir&iacute;a no exagerar... despu&eacute;s de todo es simplemente un tema mel&oacute;dico, muy bueno s&iacute;, pero bastante com&uacute;n. El tema final contin&uacute;a con la costumbre proveniente de&nbsp;<em>Beggars Banquet&nbsp;</em>y&nbsp;<em>Let It Bleed&nbsp;</em>de cerrar con un tema &eacute;pico y grandilocuente, pero&nbsp;<em>Moonlight Mile&nbsp;</em>es MEJOR que&nbsp;<em>Salt Of The Earth&nbsp;</em>y est&aacute; a la par de&nbsp;<em>You Can&#39;t Always Get What You Want,&nbsp;</em>ya que ostenta una melod&iacute;a mucho mejor, m&aacute;s profunda y arreglos sencillamente estupendos con piano, guitarras slide, y unas cuerdas fenomenales</p>\n','2020-02-17 20:12:51',8,20,5),(26,'<p>El &aacute;lbum abre con&nbsp;<em>Brown Sugar</em>, uno de los cl&aacute;sicos absolutos de la banda; un riff absolutamente memorable que combina una guitarra el&eacute;ctrica, peque&ntilde;as notas metidas entre los riffs, guitarras ac&uacute;sticas y los correspondientes bronces. Al escuchar estos primeros sonidos del tema, cualquiera se da cuenta por qu&eacute; los Stones son tan grandes. Ninguna banda la mov&iacute;a as&iacute; y niguna banda pod&iacute;a otorgar ese cariz sucio y decadente y por cierto que ninguna banda pod&iacute;a crear un riff tan exquisito. Al contrario de lo que sucede con la mayor&iacute;a de los temas del sucesor&nbsp;<em>Exile</em>, los sonidos son n&iacute;tidos y la melod&iacute;a es instant&aacute;neamente pegadiza. La letra trata sobre el sexo y la violaci&oacute;n de esclavos negros... &iquest;Lindo no? pero olvidemosla y ateng&aacute;monos a la m&uacute;sica; todo es PERFECTO y el final con el HEY, HEY, HEY WHOOOO! es apote&oacute;sico rock and roll para el recuerdo. Por suerte el disco mantiene el nivel con&nbsp;<em>Sway</em>. No es tan genial pero cuenta nuevamente con gratas dosis de riffs y una melod&iacute;a agradable. Pero el punto c&uacute;lmine de&nbsp;<em>Sticky Fingers&nbsp;</em>llega en la pista tres con la majestuosa, perfecta, brillante&nbsp;<em>Wild Horses</em>. Est&aacute; claro que los Stones no son reconocidos por sus baladas pero este tema LA ROMPE!!! Todo es absolutamente hermoso; los acordes ac&uacute;sticos, las frases el&eacute;ctricas, el estribillo estirado como chicle (wiiiiiiiiild horses couldn&#39;t drag me awayyyyyyyyyyy) y los solos &iexcl;No me quedan palabras! Deben escuchar este tema al menos una vez en su vida. El disco sigue manteniendo un nivel de cinco estrellas, no decae y llega la poderosa&nbsp;<em>Can&#39;t You Hear Me Knocking</em>, un n&uacute;mero at&iacute;pico que comienza con un juego de riffs rockeros y melod&iacute;as apasionadas para devenir sobre el final en un fant&aacute;stico JAM latino con saxo, bongos, teclados y un solo de Taylor que induce la canci&oacute;n en un trance brutal, para escuchar a volumen bien, bien alto. Es verdad que por momentos uno puede pensar que est&aacute; escuchando a SANTANA y no a los Stones, pero qu&eacute; va! Si es una imitaci&oacute;n, al menos es una imitaci&oacute;n genial.&nbsp;<em>You Gotta Move</em>&nbsp;es un cover de blues ac&uacute;stico bastante abrasivo y rancio, relativamente bueno pero un tanto insustancial en comparaci&oacute;n a lo que ven&iacute;amos escuchando</p>\n','2020-02-17 20:22:23',9,20,4),(27,'<p>En comparaci&oacute;n con otros &aacute;lbumes del mismo grupo debo decir que sale ganando con respecto a&nbsp;<em>Beggars Banquet&nbsp;</em>y&nbsp;<em>Exile On Main Street&nbsp;</em>porque ostenta mayor variedad de climas y porque casi todas las canciones son obras maestras, mientras que en aquellos discos podr&iacute;a vivir solo con dos o tres temas nada m&aacute;s. S&iacute;, este &aacute;lbum es un cl&aacute;sico absoluto detr&aacute;s de otro y por eso est&aacute; claramente en el podio de &aacute;lbumes Stone junto a&nbsp;<em>Let It Bleed&nbsp;</em>y&nbsp;<em>Get Yer Ya-Ya&#39;s Out</em>. Lo que tambi&eacute;n me sorprende es lo distinto que suena al &aacute;lbum de estudio anterior; los Stones decididamente han iniciado la nueva d&eacute;cada con todo: mientras&nbsp;<em>Let It Bleed&nbsp;</em>todav&iacute;a conservaba una atm&oacute;sfera de rhythm and blues de los sesenta, con valores de producci&oacute;n un tanto descuidados, aqu&iacute; parece tomar forma el paradigma musical de los Stones de los 70; impecable producci&oacute;n, una imagen de suciedad, sexo y decadencia cada vez m&aacute;s fuerte e intencional, rock and roll puro y b&aacute;sico sin demasiada experimentaci&oacute;n... solo que los rockers y baladas de&nbsp;<em>Sticky Fingers&nbsp;</em>dejan pr&aacute;cticamente en rid&iacute;culo cualquier intento posterior. As&iacute; de superior es este &aacute;lbum</p>\n','2020-02-17 20:23:14',5,20,6),(28,'<p>Este &aacute;lbum me deja algunas dudas. Dudas sobre si es&nbsp;<em>Let It Bleed&nbsp;</em>el mejor disco de los Stones, o este. Bueno, los dos son mis favoritos.&nbsp;<em>Sticky Fingers&nbsp;</em>es la quintaesencia del sonido Stone; el country plano y puro de&nbsp;<em>Beggars Banquet&nbsp;</em>y el blues rock de&nbsp;<em>Let It Bleed&nbsp;</em>se condensan aqu&iacute; en el m&aacute;s puro y directo rock&#39; n&#39; roll&#39; jam&aacute;s aparecido en alg&uacute;n disco de los Stones. El country sigue estando (<em>Dead Flowers</em>), el blues tambi&eacute;n (<em>You Gotta Move</em>) pero los highlights del disco son simplemente n&uacute;meros de rock, lisa y llanamente rock. Pero EXCELENTE, condenadamente excelente rock and roll, inmaculadamente producido (se podr&iacute;a escuchar la ca&iacute;da de un alfiler en medio del riff de&nbsp;<em>Brown Sugar</em>), e interpretado con una soltura, una vena y una frescura a la que ninguna otra banda, ni siquiera Led Zeppelin debo admitir, podr&iacute;a aspirar</p>\n','2020-02-17 20:43:30',7,20,4),(29,'<p><em>Quadrophenia&nbsp;</em>es otra &oacute;pera rock, la segunda de The Who despu&eacute;s de ya-saben-cu&aacute;l. Y claro, despu&eacute;s del &eacute;xito arrasador de&nbsp;<em>Tom&aacute;s juega al Pinball&nbsp;</em>era bastante predecible que Pete volver&iacute;a a ahondar en este tipo de cosas. El fracaso de&nbsp;<em>Lifehouse&nbsp;</em>fue un grave traspi&eacute;, pero parece que Townshend es un tipo bastante persistente y aqu&iacute; lo tenemos de nuevo: componiendo &eacute;l solito un flamante y espectacular &aacute;lbum conceptual (letra y m&uacute;sica) a los veintisiete a&ntilde;os de edad. Dir&iacute;a que bastante bien &iquest;No? Me pregunto que estaremos haciendo nosotros a los veitisiete. Por fortuna, al concebir&nbsp;<em>Quadrophenia&nbsp;</em>Pete se cuid&oacute; muy bien de los Magos del Pinball y los Espejos M&aacute;gicos y los Campamentos de Vacaciones y todo ese tipo de pirotecnia; se trata de un concepto much&iacute;simo m&aacute;s profundo, personal y emocional en cuya comparaci&oacute;n toda la epopeya de&nbsp;<em>Tommy&nbsp;</em>parece una lastimera telenovela venezolana. Hab&iacute;a dicho que la historia de&nbsp;<em>Tommy&nbsp;</em>no irritaba mi inteligencia porque entend&iacute;a que su estupidez y exageraci&oacute;n era m&aacute;s o menos aceptable dentro del marco de una &oacute;pera rock. Pero claro, &iquest;Para qu&eacute; quiero ese tipo de cosas si puedo optar antes por un desgarrador y reflexivo poema sobre la adolescencia como lo es&nbsp;<em>Quad</em>? As&iacute; es: en un aspecto puramente conceptual,&nbsp;<em>Quadrophenia&nbsp;</em>APLASTA a su antecesor y a cualquier otro &aacute;lbum de la banda</p>\n','2020-02-17 20:49:42',7,24,6),(30,'<p>Eh! ahora que me doy cuenta, ya dije un mont&oacute;n de cosas sobre&nbsp;<em>Are You Experienced?&nbsp;</em>en la introducci&oacute;n, as&iacute; que por qu&eacute; demonios deber&iacute;a tomarme la molesta de repetir todo eso aqu&iacute;. Adem&aacute;s que ya todo el mundo sabe de qu&eacute; se trata, es un LP legendario, m&iacute;tico, y toda esa historieta; en todo caso&nbsp;INSISTO&nbsp;en que no se puede vivir sin una copia de este beb&eacute; en tu discoteca. No tienes IDEA de lo que es el rock and roll y su significado si no has escuchado esta obra cumbre. Ya saben, un disco realmente revolucionario, muy adelantado para su tiempo, con tonos de guitarra provenientes directamente de otra galaxia, un Hendrix demostrando que la guitarra el&eacute;ctrica puede hacer magia y un rock and roll tocado con una acidez, una crudeza y una dureza nunca antes jam&aacute;s intentada por ser humano alguno. Toda esa historia la conocen &iquest;Verdad? No voy a ser redundante, no voy a insistir mucho sobre eso. En las notas del librito del CD, el cr&iacute;tico Dave Marsh lo compara con el &quot;Big-band&quot;, como la cosa que origin&oacute; &quot;todo&quot;. Es posible, realmente es dif&iacute;cil imaginar un &aacute;lbum m&aacute;s influyente, arriesgado, rompe-esquemas y avanzado en 1967. Solo el debut de Pink Floyd puede compararse en este sentido. Y olv&iacute;dense de&nbsp;<em>Sgt. Pepper&#39;s&nbsp;</em>por un rato; aunque en t&eacute;rminos de composici&oacute;n aquel LP de los Beatles aplasta a&nbsp;<em>Are You Experienced?&nbsp;</em>sin piedad, lo cierto es que no contiene una revoluci&oacute;n musical y art&iacute;stica tan importante como esta. Buenos temas pop adornados con chiches psicod&eacute;licos no se pueden comparar con este insano viaje interestelar de rock psic&oacute;tico y saturado, admit&aacute;moslo de una vez.</p>\n\n<p>Ahora, hablando bien y pronto, hay ciertas cosas de este &aacute;lbum que me decepcionan. Claro,&nbsp;igual voy a&nbsp;ponerle el nueve por todo lo que esta cosa es y representa, porque en definitiva sigue siendo una obra maestra del rock.&nbsp;Pero a&uacute;n as&iacute;, lo cuento entre los &quot;menos favoritos&quot; de los &aacute;lbumes que merecen&nbsp;esta nota. En primer lugar, la producci&oacute;n es REPUGNANTE. De acuerdo, estamos en 1967 y todav&iacute;a la tecnolog&iacute;a no da para hacer un&nbsp;<em>Dark Side Of The Moon</em>, pero &iexcl;Vamos! No puede ser que la bater&iacute;a de Mitch suene como latitas de pur&eacute; instant&aacute;neo, o que la guitarra muy a menudo no parezca m&aacute;s que una masa de ruidito d&eacute;bil saltando infelizmente de un parlante a otro. De hecho, NUNCA escuches este &aacute;lbum con auriculares; no es ese tipo de m&uacute;sica que se escucha con auriculares en la noche silenciosa; mas vale ponerlo a todo volumen con un par de buenos parlantes para al menos no tener que sufrir esa molestia de escuchar la guitarra de Jimi solo con un t&iacute;mpano.&nbsp;</p>\n\n<p>&nbsp;</p>\n','2020-02-18 13:27:15',6,27,5),(31,'<p>Ehhh... Una GRAN decepci&oacute;n si me preguntan a m&iacute;. S&iacute;, todos dicen que los tres &aacute;lbumes que Jimi grab&oacute; con The Experience son esenciales, y hasta aqu&iacute; ven&iacute;a siendo verdad: tanto&nbsp;<em>Are You Experienced&nbsp;</em>y&nbsp;<em>Axis: Bold As Love</em>, no importa todo lo sobrevaluados que puedan estar, SON esenciales. Sin embargo, la cosa con este tercer LP,&nbsp;<em>Electric Ladyland</em>,<em>&nbsp;</em>pasa un poco por otro lado: se me hace que puede considerarse &quot;infaltable&quot; solo por ser obra de Hendrix, y por ser el &uacute;ltimo proyecto que complet&oacute; en vida, pero en rigor esta m&uacute;sica no est&aacute; en absoluto a la altura del mito. Sucede que tras varias y repetidas escuchas a&nbsp;<em>Electric Ladyland</em>,<em>&nbsp;</em>ca&iacute; en la cuenta de cu&aacute;nto me disgustan algunas de estas canciones, y de cu&aacute;n lejos est&aacute;n realmente del mejor Hendrix... Me encantar&iacute;a ponerle un ocho, sinceramente, pero &iquest;C&oacute;mo puedo otorgar semejante d&aacute;diva cuando casi la mitad del disco es poco m&aacute;s que chatarra inservible? S&iacute;, chatarra inservible se&ntilde;ores: yo fui el primero en sorprenderme al comprobar la debilidad del material. Lo parad&oacute;jico es que, al mismo tiempo, el &aacute;lbum ofrece quiz&aacute; las mejores y m&aacute;s excelsas canciones que Hendrix haya concebido en su carrera, solo se trata apenas de un pu&ntilde;adito de gemas emergiendo de entre un mar de apat&iacute;a y una alarmante falta de inspiraci&oacute;n.</p>\n\n<p>La buena noticia, hay que darla, es que la producci&oacute;n es LARGAMENTE SUPERIOR a la de los dos &aacute;lbumes anteriores. Por fin la bater&iacute;a de Mitchell suena como una verdadera bater&iacute;a, por fin se puede escuchar lo que hace Noel con su bajo... Y la guitarra de Hendrix... Ah! Una locura; no creo que deba dar muchas explicaciones del porqu&eacute; de esa exclamaci&oacute;n. La mala noticia es que el &aacute;lbum es mayormente un fracaso. Se trata de la obra m&aacute;s ambiciosa de Hendrix: &aacute;lbum doble, cuatro caras, setenta y cinco minutos de duraci&oacute;n, salpicado de extensas suites multiparte, un pleno hincapi&eacute; de la experimentaci&oacute;n sonora, letras vagamente conceptuales y una atm&oacute;sfera general &eacute;pica, ritual y trascendente... No suena mal en los papeles &iquest;Verdad?. El grave problema vuelve a ser el de siempre, solo que ostensiblemente recrudecido... Jimi PUEDE tocar (vaya si puede), pero casi ni se toma el trabajo de componer, es decir, de planear bien las canciones para explotar el m&aacute;ximo su potencial. Todo el &aacute;lbum parece m&aacute;s bien una gigantesca excusa para desplegar todos los nuevos trucos, sonidos raros y experimentos de estudio, en vez de una colecci&oacute;n de s&oacute;lidas y entretenidas canciones de rock. Para colmo, me da la sensaci&oacute;n de que estas performances, a pesar de los incre&iacute;bles sonidos logrados cada tanto, son bastante chapuceras, aleatorias, desprolijas y desajustadas, haciendo que el &aacute;lbum fluya como una irritante sucesi&oacute;n de cacofon&iacute;as atonales, jams incoherentes, wankfests desafinados y vocales sin gancho o melod&iacute;a alguna. Por momentos me da la impresi&oacute;n de que los tipos agarraban sus instrumentos y se pon&iacute;an a tocar cualquier cosa dejando todo librado al azar, sin gastarse UN MINUTO en decir &quot;Bueno, ac&aacute; podemos meter un buen riff&quot;, &quot;Bueno, ac&aacute; habr&iacute;a que mejorar la melod&iacute;a&quot;, &quot;Bueno, ac&aacute; podr&iacute;amos tratar de que los instrumentos queden en sincron&iacute;a&quot;... NADA. Est&aacute; bien improvisar cada tanto, pero estas improvisaciones son lo m&aacute;s irrelevante, insulso y desganado que o&iacute; en mi vida. Y las canciones malas que NO SON IMPROVISADAS, como&nbsp;<em>Long Hot Summer Night&nbsp;</em>o&nbsp;<em>Gypsy Eyes&nbsp;</em>ni siquiera tienen esa excusa. No hay dudas, Jimi se calent&oacute; m&aacute;s en hacer experimentos raros que en componer buenas canciones, y se nota con mucho dolor.</p>\n\n<p>&nbsp;</p>\n','2020-02-18 13:30:30',6,28,3),(32,'<p>El debut hom&oacute;nimo de los Doors permanece hoy en d&iacute;a como &quot;el cl&aacute;sico&quot; de la banda. En aquellos momentos, la asombrosa mezcla de rock, misticismo y poes&iacute;a que ofrec&iacute;a esta publicaci&oacute;n se convirti&oacute; instant&aacute;neamente en una de las m&aacute;s importantes revoluciones estil&iacute;sticas del rock de los 60 y desde entonces ha sido inclu&iacute;do junto a discos como&nbsp;<em>Are You Experienced?&nbsp;</em>y&nbsp;<em>Led Zeppelin&nbsp;</em>como uno de los mejores &aacute;lbumes debut de la historia. Ahora bien... en rigor &iquest;Sobrevive el &aacute;lbum a este mito? Definitivamente si. La mayor&iacute;a de las melod&iacute;as son incre&iacute;blemente pegadizas; Jim Morrison logr&oacute; ciertamente darle a todos sus delirios g&oacute;ticos y poes&iacute;as er&oacute;ticas un efectiv&iacute;simo corte pop y es comprensible que en su momento este &aacute;lbum los haya catapultado de inmediato a la fama y la fortuna.</p>\n\n<p>&iquest;Qu&eacute; tiene de especial&nbsp;<em>The Doors</em>? Bueno, pues funda un sonido totalmente nuevo, totalmente distinto de lo que los dem&aacute;s grupos hac&iacute;an en su &eacute;poca. Un poco de jazz, un poco de rock, mucha improvisaci&oacute;n y las letras m&aacute;s provocativas y bizarras que podr&iacute;an aparecer en una publicaci&oacute;n pop... a todo eso le sumamos la tan mentada y maravillosa atm&oacute;sfera de magia y oscuridad que Jim y los Doors supieron transmitir con estas canciones y nos queda un disco absolutamente inolvidable que tiene sus peque&ntilde;os puntos flojos, pero cuya consistencia y poder de evocaci&oacute;n es tal que no me tiembla ni una pesta&ntilde;a al ponerle un nueve.</p>\n\n<p>Una de las cosas que m&aacute;s me asombra de este &aacute;lbum es la contundente consistencia que despliega, sobre todo teniendo en cuenta que es un primer esfuerzo y que el grupo no ten&iacute;a ninguna experiencia al grabarlo. La realidad es que en el caso de los Doors la madurez parece estar presente desde el principio. Los siete primeros temas, uno a uno, son excelentes, fenomenales y no me canso nunca de escucharlos. Los cuatro finales parecen comparativamente m&aacute;s flojos pero eso no quiere decir de ninguna forma que arruinan el &aacute;lbum, simplemente que palidecen un poco frente a las genialidades precedentes.</p>\n\n<p>&nbsp;</p>\n','2020-02-18 13:42:13',6,29,4),(33,'<p>Vale, vale. Todav&iacute;a faltar&aacute;n un par de milenios antes de que me dedique full-time a rese&ntilde;ar la carrera entera de los Kinks. No es que no me interesen, TODO lo contrario, pero al factor de que todav&iacute;a no me encuentro en condiciones financieras de invertir en sus discos, hay que sumarle el hecho de que pr&aacute;cticamente NADIE en Argentina tiene la m&aacute;s puta idea acerca de este grupo brit&aacute;nico. Ac&aacute; por el lejano sur, con tan solo ver a los Kinks en tus sue&ntilde;os y/o pesadillas ya ten&eacute;s que sentirte realizado, porque en las disquer&iacute;as no vas a ver NI UNA INSINUACI&Oacute;N de que esta banda efectivamente existi&oacute;. Y es una pena porque los Kinks no solo existieron sino que fueron una de las m&aacute;s consistentes, potentes y talentosas de la HISTORIA del rock. De hecho, se la considera algo as&iacute; como &quot;la cuarta pata&quot; en la elite de la invasi&oacute;n brit&aacute;nica, movimiento com&uacute;nmente imaginado a trav&eacute;s de la supuesta trilog&iacute;a de Beatles, Stones y Who. Y no es esta ninguna exageraci&oacute;n o hip&eacute;rbole desproporcionada, en esa misma liga est&aacute;n. Quiz&aacute; un poco por debajo, eso puede discutirse, pero en esa liga al fin.</p>\n\n<p>Bueno, les dec&iacute;a que todav&iacute;a no puedo sentarme a escribir una rese&ntilde;a completa de los Kinks, pero tengo este disco bajado en mp3 hace un buen tiempo y me gusta tanto, tanto, tanto que no pude aguantar m&aacute;s la necesidad de escribir sobre &eacute;l y ponerle un lujurioso, gordo, rojo y redondo diez. A tal extremo de insensatez llega mi devoci&oacute;n por&nbsp;<em>Arthur (Or The Decline And Fall Of The British Empire)</em>&nbsp;que las tajantes afirmaciones anteriores sobre los Kinks las baso exclusivamente en &eacute;l. S&iacute; amigos: no escuch&eacute; enteros ni&nbsp;<em>Face To Face</em>, ni&nbsp;<em>Something Else</em>&nbsp;ni&nbsp;<em>Village Green Preservation Society</em>. Solo&nbsp;<em>Arthur</em>. Y solo&nbsp;<em>Arthur&nbsp;</em>ha logrado que tenga a los Kinks entre mis grupos de referencia. Imaginen entonces lo que ser&aacute; este pedazo de &aacute;lbum; prep&aacute;rense para recibir una ducha de baba pegajosa de Federico Fern&aacute;ndez mientras se dedica a disertar sobre uno de los mejores discos jam&aacute;s grabados.</p>\n','2020-02-18 13:45:45',7,30,4),(34,'<p>&iexcl;Mejor! As&iacute; es. Mientras que&nbsp;<em>The Doors&nbsp;</em>ha pasado a la posteridad como el cl&aacute;sico absoluto de esta banda, a trav&eacute;s de bastiones como&nbsp;<em>Light My Fire</em>,&nbsp;<em>Break On Through&nbsp;</em>y&nbsp;<em>The End</em>, paralelamente se ha establecido un consenso bastante generalizado en cuanto a que es&nbsp;<em>Strange Days</em>, publicado solo unos meses depu&eacute;s del debut, su m&aacute;s grande y verdadera obra maestra, su hora definitoria. &iquest;Me est&aacute;n preguntando a m&iacute;? Pues s&iacute;, tengo que adherir.&nbsp;<em>Strange Days&nbsp;</em>es, en efecto, un cl&aacute;sico incomparable y es dif&iacute;cil contradecir que los Doors han alcanzado aqu&iacute; su absoluto pico creativo.&nbsp;</p>\n\n<p>Igualmente, y esto lo digo por los varios comentarios que o&iacute; acerca de una aplastante mejor&iacute;a con respecto al debut, no creo que sea MUCHO mejor que&nbsp;<em>The Doors</em>: si tomamos canci&oacute;n por canci&oacute;n y hacemos un juicio basado exclusivamente en la calidad compositiva de los temas, dir&iacute;a que no es posible establecer definitvamente la superioridad de&nbsp;<em>Strange Days</em>. Si bien la consistencia de&nbsp;<em>Strange Days</em>&nbsp;es casi perfecta, joyas como&nbsp;<em>Light My Fire</em>,&nbsp;<em>Soul Kitchen</em>,&nbsp;<em>The Crystal Ship&nbsp;</em>y&nbsp;<em>Break On Through</em>&nbsp;se revelan insuperadas por las canciones del segundo &aacute;lbum; puntos relativamente d&eacute;biles como&nbsp;<em>I Looked At You&nbsp;</em>y&nbsp;<em>Take It As It Comes</em>&nbsp;est&aacute;n varios escalones por encima de, por ejemplo,&nbsp;<em>Horse Latitudes</em>&nbsp;y pasajes brillantes como los intrumentales de&nbsp;<em>Light My Fire&nbsp;</em>no tienen ning&uacute;n tipo de correlato en esta publicaci&oacute;n. No, en cuanto a canciones, estrictamente canciones, ambos &aacute;lbumes entran en un virtual empate.</p>\n\n<p>Lo que hace despuntar a&nbsp;<em>Strange Days&nbsp;</em>sobre el resto del material de los Doors es su incomparable atm&oacute;sfera. Mientras en&nbsp;<em>The Doors&nbsp;</em>solo se daban algunos indicios a trav&eacute;s de temas como&nbsp;<em>The Crystal Ship&nbsp;</em>y&nbsp;<em>End Of The Night&nbsp;</em>es en&nbsp;<em>Strange Days&nbsp;</em>donde la tan celebrada aura m&aacute;gica, oscura y g&oacute;tica de los Doors alcanza su mayor esplendor. La guitarra de Roby, los teclados de Ray y la poes&iacute;a de Jim se enfocan no tanto en la exhibici&oacute;n de talentos sino en la creaci&oacute;n de densas atm&oacute;sferas de misterio y enigma. As&iacute;, la experiencia de escuchar&nbsp;<em>Strange Days&nbsp;</em>se convierte en una org&iacute;a carnavalesca de sensaciones m&iacute;sticas, im&aacute;genes sugestivas y atm&oacute;sferas sombr&iacute;as que estimulan nuestra imaginaci&oacute;n a evocar critauras extra&ntilde;as, lugares remotos y peligrosos estados de &aacute;nimo. Una atm&oacute;sfera fant&aacute;stica que no tiene ning&uacute;n tipo de competencia en ning&uacute;n otro &aacute;lbum de los Doors. De esta forma, temas pop no demasiado brillantes compositivamente se ven realzados a la categor&iacute;a de excelentes gracias a este incre&iacute;ble ambiente. Eso es&nbsp;<em>Strange Days</em>, un &aacute;lbum pop que ni siquiera tiene ese filo rockero del &aacute;lbum anterior pero que cuenta con las mejores melod&iacute;as y los m&aacute;s inquietantes estados de &aacute;nimo logrados por los Doors.</p>\n\n<p>&nbsp;</p>\n','2020-02-18 13:47:53',5,31,4);
/*!40000 ALTER TABLE `review` ENABLE KEYS */;
UNLOCK TABLES;

--
-- Table structure for table `song`
--

DROP TABLE IF EXISTS `song`;
/*!40101 SET @saved_cs_client     = @@character_set_client */;
 SET character_set_client = utf8mb4 ;
CREATE TABLE `song` (
  `song_id` int(11) NOT NULL AUTO_INCREMENT,
  `name` varchar(100) NOT NULL,
  `duration` time DEFAULT NULL,
  `album_id` int(11) DEFAULT NULL,
  PRIMARY KEY (`song_id`),
  KEY `album_id_idx` (`album_id`),
  CONSTRAINT `album_id` FOREIGN KEY (`album_id`) REFERENCES `album` (`album_id`)
) ENGINE=InnoDB DEFAULT CHARSET=utf8mb4 COLLATE=utf8mb4_0900_ai_ci;
/*!40101 SET character_set_client = @saved_cs_client */;

--
-- Dumping data for table `song`
--

LOCK TABLES `song` WRITE;
/*!40000 ALTER TABLE `song` DISABLE KEYS */;
/*!40000 ALTER TABLE `song` ENABLE KEYS */;
UNLOCK TABLES;

--
-- Table structure for table `user`
--

DROP TABLE IF EXISTS `user`;
/*!40101 SET @saved_cs_client     = @@character_set_client */;
 SET character_set_client = utf8mb4 ;
CREATE TABLE `user` (
  `user_id` int(11) NOT NULL AUTO_INCREMENT,
  `username` varchar(50) NOT NULL,
  `password` varchar(50) NOT NULL,
  `is_admin` tinyint(1) DEFAULT '0',
  `user_image` varchar(50) DEFAULT NULL,
  `rol` varchar(50) DEFAULT NULL,
  PRIMARY KEY (`user_id`)
) ENGINE=InnoDB AUTO_INCREMENT=11 DEFAULT CHARSET=utf8mb4 COLLATE=utf8mb4_0900_ai_ci;
/*!40101 SET character_set_client = @saved_cs_client */;

--
-- Dumping data for table `user`
--

LOCK TABLES `user` WRITE;
/*!40000 ALTER TABLE `user` DISABLE KEYS */;
INSERT INTO `user` VALUES (1,'Emilio2','40bd001563085fc35165329ea1ff5c5ecbdbbeef',NULL,'1581081885985.png','bateria'),(2,'Juan','40bd001563085fc35165329ea1ff5c5ecbdbbeef',NULL,'1581082068222.png','usuario'),(3,'Emi','40bd001563085fc35165329ea1ff5c5ecbdbbeef',NULL,'1582027845006.png','teclista'),(4,'alvaro','40bd001563085fc35165329ea1ff5c5ecbdbbeef',NULL,'1581616425622.png','bateria'),(5,'Antonio','40bd001563085fc35165329ea1ff5c5ecbdbbeef',NULL,'1581617004352.png','vocal'),(6,'Nahuel','40bd001563085fc35165329ea1ff5c5ecbdbbeef',NULL,'1581617719415.png','banda'),(7,'Ignacio','40bd001563085fc35165329ea1ff5c5ecbdbbeef',NULL,'1581617172837.png','teclista'),(8,'Jesus','40bd001563085fc35165329ea1ff5c5ecbdbbeef',NULL,'1581617363795.png','bajista'),(9,'Jorge','40bd001563085fc35165329ea1ff5c5ecbdbbeef',NULL,'1581617330226.png','guitarra');
/*!40000 ALTER TABLE `user` ENABLE KEYS */;
UNLOCK TABLES;

--
-- Table structure for table `user_band_history`
--

DROP TABLE IF EXISTS `user_band_history`;
/*!40101 SET @saved_cs_client     = @@character_set_client */;
 SET character_set_client = utf8mb4 ;
CREATE TABLE `user_band_history` (
  `user_band_history_id` int(11) NOT NULL,
  `user_id` int(11) NOT NULL,
  `history_id` int(11) NOT NULL,
  `date` date DEFAULT NULL,
  PRIMARY KEY (`user_band_history_id`),
  KEY `fk_user_2` (`user_id`) /*!80000 INVISIBLE */,
  CONSTRAINT `fk_band_2` FOREIGN KEY (`user_band_history_id`) REFERENCES `history` (`band_id`) ON DELETE CASCADE ON UPDATE CASCADE,
  CONSTRAINT `fk_user_2` FOREIGN KEY (`user_id`) REFERENCES `user` (`user_id`) ON DELETE CASCADE ON UPDATE CASCADE
) ENGINE=InnoDB DEFAULT CHARSET=utf8mb4 COLLATE=utf8mb4_0900_ai_ci;
/*!40101 SET character_set_client = @saved_cs_client */;

--
-- Dumping data for table `user_band_history`
--

LOCK TABLES `user_band_history` WRITE;
/*!40000 ALTER TABLE `user_band_history` DISABLE KEYS */;
/*!40000 ALTER TABLE `user_band_history` ENABLE KEYS */;
UNLOCK TABLES;

--
-- Table structure for table `user_likes`
--

DROP TABLE IF EXISTS `user_likes`;
/*!40101 SET @saved_cs_client     = @@character_set_client */;
 SET character_set_client = utf8mb4 ;
CREATE TABLE `user_likes` (
  `band_id` int(11) NOT NULL,
  `user_id` int(11) NOT NULL,
  `date` datetime DEFAULT CURRENT_TIMESTAMP,
  KEY `fk_user_3` (`user_id`),
  KEY `fk_band_user_3_idx` (`band_id`),
  CONSTRAINT `fk_band_4` FOREIGN KEY (`band_id`) REFERENCES `band` (`band_id`) ON DELETE CASCADE ON UPDATE CASCADE,
  CONSTRAINT `fk_user_3` FOREIGN KEY (`user_id`) REFERENCES `user` (`user_id`) ON DELETE CASCADE ON UPDATE CASCADE
) ENGINE=InnoDB DEFAULT CHARSET=utf8mb4 COLLATE=utf8mb4_0900_ai_ci;
/*!40101 SET character_set_client = @saved_cs_client */;

--
-- Dumping data for table `user_likes`
--

LOCK TABLES `user_likes` WRITE;
/*!40000 ALTER TABLE `user_likes` DISABLE KEYS */;
INSERT INTO `user_likes` VALUES (3,3,'2020-02-06 16:34:54'),(2,4,'2020-02-07 12:07:14'),(1,4,'2020-02-11 19:11:07'),(1,6,'2020-02-14 15:59:05'),(3,6,'2020-02-17 18:19:48'),(46,7,'2020-02-17 20:51:35'),(1,7,'2020-02-18 12:37:44');
/*!40000 ALTER TABLE `user_likes` ENABLE KEYS */;
UNLOCK TABLES;
/*!40103 SET TIME_ZONE=@OLD_TIME_ZONE */;

/*!40101 SET SQL_MODE=@OLD_SQL_MODE */;
/*!40014 SET FOREIGN_KEY_CHECKS=@OLD_FOREIGN_KEY_CHECKS */;
/*!40014 SET UNIQUE_CHECKS=@OLD_UNIQUE_CHECKS */;
/*!40101 SET CHARACTER_SET_CLIENT=@OLD_CHARACTER_SET_CLIENT */;
/*!40101 SET CHARACTER_SET_RESULTS=@OLD_CHARACTER_SET_RESULTS */;
/*!40101 SET COLLATION_CONNECTION=@OLD_COLLATION_CONNECTION */;
/*!40111 SET SQL_NOTES=@OLD_SQL_NOTES */;

-- Dump completed on 2020-02-18 14:06:01
